id,DIAC1_2,DIAC1_3,DIAC4_1,DIAC5_1,ANT2_1,CLIM1_3,CLIM2_5,TFV_G11_GROUP,LITH1_1,LITH2_2,LITH4_2,DEM1_1,DEM2_4,DEM4_1
509,0.265,2.191,3.419927183,146,0,9.901073105,-10.63829787,Feuillus,1.101878199,0.1028536083,0.6888520813,1684,29,138
368,0.07,2.835,2.027081908,154.8,34.3949415,6.653443924,-8.849557522,Feuillus,0.9634233705,0.2310586658,0.7689411838,1496,34,261
494,0.397,7.004,8.266929487,27.2,526.5583866,12.94786446,-11.84210526,Feuillus,0.6931471808,8.35E-12,1.000012891,1811,27,97
307,0.338,7.79,5.583568568,4.6,138.8951987,13.42915215,-12.5,Feuillus,0.6931471808,8.35E-12,0.9999959063,1631,20,110
605,0.21,0.898,4.17236856,110,939.1991411,15.52668539,-13.51351351,Feuillus,0.6931471808,8.35E-12,0.9999900753,1926,29,54
344,0.154,5.086,7.325896391,1,0,1.198449066,-13.0952381,Feuillus,0.6931471808,8.35E-12,0.9999995238,1764,19,152
598,0.169,2.155,4.415179925,6.8,79.57228241,1.532752501,-10.71428571,Feuillus,0.8793611672,0.1227797808,0.8772055756,1752,28,171
490,0.367,3.228,4.274150527,52,242.0953984,9.49955534,-12.98701299,Feuillus,0.6931471808,8.35E-12,1.00000218,1661,27,144
596,0.248,2.815,2.679737767,-0.4,717.2689589,-4.901788846,-11.00917431,Feuillus,0.8702617614,0.8862782442,0.1137230839,1361,22,171
475,0.182,1.034,1.769822039,116.4,241.4666897,21.46559428,-10.89108911,Feuillus,0.6931471808,8.35E-12,1.000003517,1621,45,235
593,0.412,13.826,4.009767835,44,104.4533659,27.86335214,-13.51351351,Feuillus,0.6925361249,8.35E-12,8.35E-12,1611,33,104
473,0.171,0.722,3.27385274,114,0,25.03938314,-9.345794393,Feuillus,0.09505615854,8.35E-12,8.35E-12,1614,33,250
470,0.166,0.268,3.448299332,16,0,21.72590597,-9.836065574,Feuillus,0.6931471807,8.35E-12,8.35E-12,1517,38,279
432,0.05,0.362,1.926322354,38.2,0,0.557635625,-10.11235955,Feuillus,0.4123371989,8.35E-12,0.1683609978,1597,33,235
445,0.071,0.043,1.397457882,-16.8,0,-1.003786211,-9.401709402,Feuillus,0.5774206522,8.35E-12,0.1247774183,1618,43,298
299,0.153,1.083,3.98502928,12.2,0,-8.895609553,-11,Feuillus,0.8837137282,8.35E-12,0.127253974,1501,28,240
300,0.216,2.439,5.812356413,-2.2,55.04782211,-11.04266995,-10.34482759,Feuillus,0.9622813383,0.2291673768,8.35E-12,1349,24,178
480,0.342,3.278,6.543423177,29,7.773693254,14.07316071,-9.836065574,Feuillus,0.5166218953,8.35E-12,8.35E-12,1367,23,250
481,0.103,3.057,4.323933012,111,0,6.67998003,-9.836065574,Feuillus,0.02124690155,8.35E-12,8.35E-12,1286,22,224
585,0.204,1.667,3.223233534,32.8,0,33.02591534,-13.33333333,Feuillus,0.6931471808,8.35E-12,0.9999999415,1704,35,205
443,0.179,0.404,2.857196676,100.4,419.296559,5.500844119,-9.278350515,Feuillus,0.6929723611,8.35E-12,8.35E-12,1521,34,136
569,0.099,-0.286,5.718390205,-2.8,0,18.4167154,-9.900990099,Feuillus,0.8535689042,8.35E-12,0.09807986953,1491,29,146
412,0.15,1.547,6.184396841,102,760.0435449,-2.35996588,-11.11111111,Feuillus,0.6831462231,8.35E-12,8.35E-12,1756,41,94
647,0.227,2.035,8.143693587,8,561.7406776,12.57600884,-15.18987342,Feuillus,0.7125457052,0.006417515,0.9935897008,1542,27,206
559,0.05,-0.441,3.754046798,-8.6,292.9549076,-1.445534331,-8.391608392,Feuillus,0.6931471808,8.35E-12,8.35E-12,1364,37,173
411,0.011,-0.846,10.01133276,-43.4,118.7731895,-1.211072664,-9.009009009,Feuillus,0.6931471807,8.35E-12,8.35E-12,1504,43,154
398,0.368,13.222,2.829789609,208.8,0,-4.479600333,-11.11111111,Feuillus,6.64E-10,8.35E-12,8.35E-12,1794,34,253
244,0.174,1.574,0.7533206626,233.2,0,2.158986878,-11.47540984,Feuillus,0.6931471808,8.35E-12,8.35E-12,1683,34,175
689,0.317,6.717,5.662059446,77,0,-2.408526351,-7.608695652,Feuillus,0.6664483267,0.002103013065,8.35E-12,1456,28,129
25,0.142,3.352,5.088497953,43,0,16.47777451,-11.68831169,Conifères,0.8515836828,0.096298536,0.9037024249,2111,37,290
18,0.033,-0.372,1.945674888,-30.8,693.0467696,16.64787144,-14.08450704,Conifères,1.03473487,0.5704929953,0.4295068293,2175,14,172
618,0.046,-0.035,1.437796109,-45.4,226.4907253,18.58736059,-24.59016393,Conifères,1.019927747,0.3602481158,0.6397544996,2315,25,272
619,0.071,1.042,3.158394231,-10.4,561.0417969,14.21493371,-14.28571429,Conifères,1.01192974,0.3348570751,0.6651428414,2292,31,193
357,0.023,0.195,3.348807668,1,0,14.99823882,-18.30985915,Conifères,1.039513143,0.5144071449,0.4855926796,2155,18,206
622,0.07,0.822,1.320061183,52.8,1091.834954,13.86268657,-17.1875,Conifères,1.032674223,0.4162581181,0.583734972,2304,26,200
366,0.034,0.553,4.378398786,0.4,316.8255704,12.00788614,-20.58823529,Conifères,1.035475774,0.5650565486,0.4349409282,2063,16,197
367,0.025,-0.428,4.724096051,-4.6,100.9519293,10.85656103,-18.84057971,Conifères,0.7403079756,0.01905079871,0.9809511145,2258,41,132
524,0.106,1.125,10.15466075,180.6,394.133724,11.60132357,-9.009009009,Conifères,0.8205366091,8.35E-12,0.06992890394,1732,38,266
308,0.097,0.128,3.302941668,60.2,563.6623523,15.11044177,-13.88888889,Conifères,0.6931471808,8.35E-12,1.00000406,2097,32,91
495,0.075,-0.166,1.930804215,26.6,554.083894,15.17741704,-15.27777778,Conifères,0.6931471808,8.35E-12,1.000014136,2002,38,118
507,0.201,0.484,3.237997509,-10.8,0,4.53167947,-16.41791045,Conifères,0.9943721546,0.2903333982,0.7096669777,1881,23,104
305,0.164,3.068,4.131119223,123.6,1157.284417,18.26741996,-14.49275362,Conifères,0.6931471808,8.36E-12,0.9999985796,1905,30,220
604,0.094,1.39,1.68168804,222,1247.59643,18.38994565,-14.49275362,Conifères,0.6931471808,8.35E-12,1.000011304,2005,26,245
376,0.134,1.65,2.583144529,0.6,96.04283325,5.215164574,-22.3880597,Conifères,0.6931471808,8.35E-12,0.9999975188,2189,30,126
374,0.149,0.258,3.122677399,26.2,0,6.00024667,-21.42857143,Conifères,1.011933374,0.007742638309,0.7102918192,1981,29,127
375,0.052,-0.503,8.458694401,124.6,36.2292449,2.783993682,-19.71830986,Conifères,0.7721476223,0.03691134523,0.9630874267,2018,28,281
325,0.072,0.195,1.374258461,11.4,58.8365671,8.839359647,-16.92307692,Conifères,0.8547202242,0.09888937368,0.8917615257,2005,21,205
496,0.241,4.975,3.613849345,23,0,5.523590334,-14.1025641,Conifères,1.039089501,0.5251279797,0.4748740837,1882,17,241
600,0.126,-0.26,10.23243466,-2,909.3338434,8.211904174,-17.54385965,Conifères,0.6931471808,8.35E-12,0.9999998329,2086,29,187
499,0.276,10.92,4.399408625,8.8,123.5625845,0.1868247908,-15.27777778,Conifères,0.6931471808,8.35E-12,1.000001846,1836,22,101
503,0.231,1.136,3.096453367,60,150.5160749,3.048320911,-14.1025641,Conifères,0.6931471808,8.35E-12,1.000001988,1913,27,106
497,0.233,1.075,5.182137554,2,0,3.593253483,-14.66666667,Conifères,0.6931471808,8.35E-12,1.000001687,1930,15,47
501,0.241,5.438,6.837131105,3,202.198079,-3.983818486,-14.47368421,Conifères,0.6931471807,8.35E-12,0.999981413,1828,22,78
588,0.403,14.256,2.284751158,164.4,0,29.38352555,-11.11111111,Conifères,6.64E-10,8.35E-12,8.35E-12,1531,27,171
530,0.191,1.708,4.0364753,15.4,0,-6.190125276,-16.86746988,Conifères,0.6606761155,8.35E-12,0.5955981354,1782,22,144
583,0.122,0.306,1.265269398,69.4,382.4110182,32.50792692,-13.69863014,Conifères,0.6931471808,8.35E-12,8.35E-12,1740,31,70
399,0.079,1.142,6.287778919,33.4,306.1999042,-8.646472393,-10,Conifères,0.250364643,0.07381272748,8.35E-12,1774,36,84
234,0.298,4.053,4.127890978,102.6,0,6.945703222,-11.11111111,Conifères,0.8466960906,0.09081396475,8.35E-12,1486,23,174
24,0.154,8.205,8.151541833,-18.2,0,16.80752367,-18.42105263,Mixte,0.906264992,0.6390681597,8.36E-12,1912,24,265
296,0.239,2.175,1.916861671,143.2,278.4286449,1.90011331,-12.82051282,Mixte,0.6931471808,8.35E-12,1.000000209,1734,28,253
587,0.089,0.772,4.816702177,151,0,37.00986592,-15.625,Mixte,0.6831257375,8.35E-12,8.35E-12,1707,38,165
291,0.423,2.118,4.758203561,104.6,0,24.78612537,-11.36363636,Mixte,0.3493371736,0.1253076748,8.35E-12,1492,29,113
278,0.178,1.552,4.892770554,-19.8,0,18.63329621,-8.943089431,Mixte,0.3145660111,8.35E-12,8.35E-12,1525,34,175
229,0.107,0.985,4.851687412,33,0,14.49576712,-10.71428571,Mixte,0.6876470227,8.35E-12,8.35E-12,1429,26,282
237,0.14,1.969,1.153511699,41.6,233.9984308,7.237098915,-10.22727273,Mixte,0.6931471808,8.35E-12,8.35E-12,1619,27,68
536,0.259,3.2,1.305558953,180.2,137.3159975,7.043225015,-11.36363636,Mixte,0.6931471808,8.35E-12,8.35E-12,1731,30,54
350,0.415,19.458,14.40306431,-12.8,104.1935672,13.55459615,-8.108108108,Feuillus,1.032362559,0.4144296267,0.5855728885,1659,35,124
352,0.472,17.25,7.640198678,-112.6,0,14.00105801,-8.571428571,Feuillus,1.027896619,0.3916927445,0.6083049324,1711,38,129
514,0.285,1.168,10.90150223,93.8,671.9598678,13.14667425,-13.33333333,Feuillus,0.7474382385,0.02275674127,0.9772445705,1740,34,117
695,0.299,1.901,9.746590737,40.6,305.8113943,13.74197129,-10.41666667,Feuillus,0.7002718123,0.001971393178,0.9980330186,1764,35,148
515,0.437,2.772,1.819618514,110.6,0,7.166562023,-8.849557522,Feuillus,1.039248007,0.5217256008,0.4782712657,1379,26,262
683,0.226,0.758,6.246246642,26,52.35048781,8.387953207,-13.95348837,Feuillus,1.006326072,0.3193228376,0.680674422,1922,22,269
681,0.154,0.986,3.238619812,38.4,1281.270834,1.844470496,-19.17808219,Feuillus,1.087441591,0.4858580475,0.490517046,1808,27,240
348,0.094,0.138,4.879611419,-8,0,7.631667226,-10.98901099,Feuillus,0.6931471808,8.35E-12,8.35E-12,1650,32,149
349,0.11,0.481,1.692459368,11,0,8.5039108,-10.86956522,Feuillus,0.6931471808,8.35E-12,8.35E-12,1655,27,115
505,0.236,0.7,5.225365299,4,232.0213685,5.892108939,-10.30927835,Feuillus,0.6931471808,0.9999943943,8.35E-12,1371,36,104
506,0.212,0.632,12.60849343,218.6,527.1597997,5.945521215,-10.30927835,Feuillus,0.6931471808,0.9999989474,8.35E-12,1695,39,96
511,0.18,0.31,1.042078585,-0.6,0,9.23553546,-10.41666667,Feuillus,0.7614194683,0.03051984109,0.9694800085,1631,38,112
609,0.395,4.038,4.187712537,22.8,49.86068886,10.27081798,-7.857142857,Feuillus,1.039611504,0.5103245088,8.35E-12,1240,29,113
694,0.291,1.076,5.277495055,2,21.41872069,6.788624935,-10.30927835,Feuillus,0.8689405273,0.1124400615,8.35E-12,1369,31,141
517,0.026,0.021,8.567766002,100.8,67.33234344,-2.411190871,-12.90322581,Feuillus,0.6931405577,8.35E-12,0.9927473669,1817,33,257
518,0.14,0.775,6.597232444,211.6,44.15561381,-4.273049645,-13.95348837,Feuillus,1.036119883,8.35E-12,0.5599318327,1962,33,286
519,0.163,0.406,6.954008373,39.2,149.3276874,-4.878483041,-13.95348837,Feuillus,0.7700510793,8.35E-12,0.0356329305,1980,27,254
504,0.22,0.831,5.521392929,58.4,454.9803259,4.134431412,-12.65822785,Feuillus,1.018449671,0.644806153,0.3551970884,1628,23,148
606,0.552,4.571,6.921725741,28,195.8882933,10.45183714,-11.49425287,Feuillus,0.6931471807,8.35E-12,0.9999837341,1861,38,95
306,0.19,1.277,7.420611957,75,330.4986829,10.81159843,-13.51351351,Feuillus,0.6931471808,8.35E-12,1.000002147,1797,31,112
696,0.177,0.945,9.827600461,17.6,386.9668797,-0.5616005616,-14.77272727,Feuillus,6.64E-10,8.35E-12,8.35E-12,1826,28,278
465,0.263,1.462,3.290246469,20.6,646.276833,25.92592593,-20,Feuillus,0.5798597745,8.35E-12,8.35E-12,1856,44,69
482,0.383,1.471,6.846119176,47.4,0,13.95846913,-10.81081081,Feuillus,0.6789727129,8.35E-12,8.35E-12,1392,28,296
455,0.217,2.915,1.719356758,85.4,0,9.857173011,-9.917355372,Feuillus,0.6931471808,8.35E-12,8.35E-12,1385,26,243
15,0.441,3.273,4.092348892,192.4,0,2.010347376,-9.708737864,Feuillus,0.9224880144,0.8282280856,8.35E-12,1478,28,243
287,0.387,1.603,10.53960489,95,0,1.859337106,-9.708737864,Feuillus,1.039613919,0.5103364723,8.35E-12,1445,31,248
468,0.209,0.918,2.385317274,25,364.7158999,10.38153062,-10.75268817,Feuillus,0.6931471808,8.35E-12,8.35E-12,1609,48,82
469,0.16,1.278,11.50976685,180.2,0,3.14778985,-9.615384615,Feuillus,0.03486554758,8.35E-12,8.35E-12,1579,33,243
472,0.305,3.093,4.66163572,160.4,12.1726512,25.0244858,-10.28037383,Feuillus,0.08040615894,8.35E-12,8.35E-12,1707,31,48
456,0.179,1.101,1.556192238,-4.4,0,15.0282841,-11.2244898,Feuillus,0.6910793553,8.35E-12,0.8791926187,1558,35,302
302,0.347,4.819,5.580882424,10.8,0,-1.342986046,-10.57692308,Feuillus,0.6931471808,8.35E-12,1.00000604,1630,25,154
304,0.238,0.83,7.022287064,0,531.3361652,18.5508055,-12.16216216,Feuillus,0.6931471808,8.35E-12,0.9999993317,2014,34,275
492,0.281,2.088,4.481220605,93,326.8169174,17.12792128,-11.76470588,Feuillus,0.8567853335,0.1010006976,0.8989971719,1739,23,85
599,0.074,-0.212,1.459338603,0.6,45.86982527,4.692415824,-16.39344262,Feuillus,0.6931471808,8.35E-12,1.000001312,1956,29,72
602,0.115,0.934,7.897531032,25.8,215.3738716,12.39277837,-9.375,Feuillus,0.7065188486,0.004120948507,0.9958798118,1746,20,127
641,0.141,1.234,2.706042591,100.6,0,-0.3700899992,-11.60714286,Feuillus,1.025547085,0.6184896436,0.3815121438,1460,21,169
314,0.279,1.594,7.053819785,82.4,0,-2.198334302,-9.027777778,Feuillus,0.8050679992,8.35E-12,0.9411258415,1012,22,200
293,0.317,1.204,6.8206684,35.8,39.683252,28.43467353,-13.33333333,Feuillus,0.7082233264,0.004750538606,0.9952435223,1817,31,224
297,0.128,2.576,4.060895514,25.6,0,-3.452060261,-11.70212766,Feuillus,0.6931471808,8.35E-12,1.000002339,1593,27,238
298,0.074,0.979,5.827753566,87,93.2131737,-5.906533968,-10.34482759,Feuillus,0.6931471808,8.35E-12,0.9999988223,1452,24,219
478,0.37,3.258,7.315125683,141,74.41978681,3.191398583,-12.82051282,Feuillus,1.03322754,0.5803996677,0.4195966404,1483,27,210
479,0.295,1.172,3.708227,49,0,-9.803048848,-9.756097561,Feuillus,0.8160568685,0.007223822796,0.0516653976,1239,26,217
592,0.246,1.12,12.2908594,229.2,0,27.55720564,-13.51351351,Feuillus,0.5353628239,8.35E-12,8.35E-12,1611,33,115
594,0.369,2.233,4.70975682,100.4,9.70680351,28.23854055,-12,Feuillus,0.6931471808,8.35E-12,8.35E-12,1615,34,110
595,0.604,15.145,6.476243992,119.6,228.5525817,25.99804465,-12.79069767,Feuillus,0.7618441821,8.35E-12,0.03076571051,1489,36,114
581,0.326,1.955,1.222758293,176,170.684307,23.70184255,-14.49275362,Feuillus,0.6931471808,8.35E-12,8.35E-12,1795,34,133
543,0.107,0.266,4.440624384,123.4,0,-3.168299356,-10.12658228,Feuillus,0.8051944076,0.05813275034,8.35E-12,1830,37,91
650,0.607,9.069,7.686497011,56.4,329.0555222,-4.627078385,-10.4,Feuillus,0.6931471807,8.35E-12,1.000018607,1099,27,229
675,0.475,1.913,5.716939638,37.8,0,-2.066895369,-11.50442478,Feuillus,0.6931471808,8.35E-12,1.000000367,1281,30,148
242,0.286,2.256,6.072123459,158.2,6.38873917,-2.230085583,-10.52631579,Feuillus,6.64E-10,8.35E-12,8.35E-12,1706,35,71
331,0.33,2.011,1.041097599,67,0,8.382793214,-15.18987342,Feuillus,6.64E-10,8.35E-12,8.35E-12,1679,23,144
332,0.468,2.445,6.016367316,-28.6,0,5.937753721,-16.09195402,Feuillus,0.6740492018,8.35E-12,8.35E-12,1612,26,225
394,0.229,1.126,5.456516183,204.6,132.1920036,-5.277855348,-9,Feuillus,0.3112464099,8.35E-12,8.35E-12,1555,37,251
329,0.064,-0.626,2.05102218,16,15.59000357,17.56310351,-16.88311688,Feuillus,0.8404465219,0.007939587978,0.9238991035,1629,18,150
320,0.288,1.195,13.81263444,20.8,241.5109415,19.19723639,-16.21621622,Feuillus,0.6931471808,8.35E-12,1.000000534,1745,24,205
656,0.261,0.823,4.505513034,12,6.232889773,18.57087612,-16.88311688,Feuillus,0.6895501816,8.35E-12,0.8437146617,1695,21,183
680,0.062,0.01,1.024853133,-7.4,64.03102511,19.0875656,-16.21621622,Feuillus,0.6931471808,8.35E-12,1.000000576,1762,25,62
654,0.287,1.146,11.90890216,41,199.7142395,11.88465056,-14.28571429,Feuillus,0.6931471808,8.35E-12,0.9999970438,1559,16,286
676,0.306,8.668,2.841897989,-58.4,233.5422467,-7.320659595,-8.275862069,Feuillus,0.6931471808,8.35E-12,0.9999970102,1216,32,215
240,0.255,3.146,3.287359462,242,0,3.969929893,-8.771929825,Feuillus,0.6931471808,8.35E-12,8.35E-12,1209,33,137
522,0.292,1.125,3.754643007,69.4,80.13660065,7.060354645,-14.28571429,Feuillus,0.864882299,0.1091816589,8.35E-12,1648,40,92
369,0.145,0.351,8.274741907,10,0,7.453686887,-14.81481481,Feuillus,0.6761109391,8.35E-12,0.0006014757837,1802,22,66
370,0.244,0.71,1.362265565,167.6,705.0817914,-0.3539524692,-16.66666667,Feuillus,0.9868223784,8.35E-12,0.7258428926,1891,35,61
371,0.055,0.067,6.986508226,35.2,0,2.554194156,-12.37113402,Feuillus,0.6931471808,8.35E-12,8.35E-12,1752,33,215
520,0.268,1.055,2.237857589,96.8,386.360649,7.351712615,-16.66666667,Feuillus,0.6931471807,8.35E-12,0.9999839096,1806,35,67
521,0.157,0.396,4.791263317,-74.8,228.2933824,8.698544084,-14.63414634,Feuillus,1.067003471,0.01268414122,0.5415335546,1706,41,112
525,0.114,0.158,7.359106439,41,139.4674982,2.331925378,-12.22222222,Feuillus,0.6931471808,8.35E-12,8.35E-12,1856,27,294
682,0.134,0.991,3.44275327,14.8,451.8431489,12.85515597,-9.90990991,Feuillus,0.8786455986,0.1220536965,8.35E-12,1652,34,234
526,0.283,0.931,4.093838892,-3.4,85.15148692,-1.793595643,-13.79310345,Feuillus,0.6931471808,8.35E-12,8.35E-12,1757,36,206
491,0.178,0.73,3.948400361,-11.8,404.9451579,17.87281517,-12.19512195,Feuillus,0.8260218221,0.07474741851,0.9252554471,1693,24,121
607,0.294,1.529,8.61074263,5.8,486.0754854,5.058993294,-11.76470588,Feuillus,0.6931471808,8.35E-12,0.9999997327,1692,21,123
286,0.136,0.555,0.5902585316,68.6,80.18613834,5.893172454,-10.63829787,Feuillus,0.6931471807,8.35E-12,8.35E-12,1691,43,57
326,0.232,1.377,3.898675914,61.8,172.0610253,3.689938943,-11.49425287,Feuillus,0.7209563193,0.009916667778,0.99008243,1793,28,84
284,0.25,1.313,6.444155047,49.2,791.0253309,19.59878164,-16.94915254,Feuillus,0.682453151,8.35E-12,8.35E-12,1939,45,64
280,0.22,0.926,7.388508856,85,0,32.25326106,-10.20408163,Feuillus,6.64E-10,8.35E-12,8.35E-12,1691,36,98
283,0.17,0.264,5.715118722,91.2,0,28.71813243,-10.34482759,Feuillus,6.64E-10,8.35E-12,8.35E-12,1625,32,289
464,0.315,1.759,3.183856059,178.4,7.784064379,33.23447118,-12.08791209,Feuillus,6.64E-10,8.35E-12,8.35E-12,1716,37,116
589,0.272,1.46,4.2604007,62,0,34.80070434,-12.08791209,Feuillus,0.009462262787,0.001230184271,8.35E-12,1633,32,306
303,0.237,1.555,0.4398132683,9.2,308.9624809,7.607452198,-13.15789474,Feuillus,0.8600592574,0.1040186584,0.8959820767,1653,24,129
527,0.324,6.337,5.152721336,11.8,223.0675052,-1.28451502,-10.28037383,Feuillus,0.5748050149,8.35E-12,8.35E-12,1706,26,232
528,0.491,7.566,15.12651113,37.2,300.3977011,-8.434213138,-13.63636364,Feuillus,0.3726459562,8.35E-12,0.140109254,1724,27,237
373,0.139,0.342,7.980193347,139,0,-6.472541902,-18.18181818,Feuillus,0.7080589546,0.0752166051,0.2761062913,1787,29,164
586,0.237,0.907,4.491580163,157.2,21.24288325,34.53978507,-11.11111111,Feuillus,0.6821943137,8.35E-12,8.35E-12,1742,29,70
563,0.261,1.022,9.5557646,152.6,0,-11.45615866,-9.85915493,Feuillus,0.6846328284,8.35E-12,8.35E-12,1634,32,55
488,0.356,1.465,12.47555229,-5,0,3.222775533,-11.9047619,Feuillus,0.9623635511,0.2293030184,0.7707035384,1609,17,84
489,0.306,1.431,9.062790969,0.4,0,5.560873727,-12.34567901,Feuillus,0.6931471808,8.35E-12,1.000003416,1667,24,112
570,0.393,1.616,9.418644671,39.8,131.391162,10.85944772,-13.69863014,Feuillus,0.6931471808,8.35E-12,1.000000226,1670,31,41
693,0.231,0.513,3.779821634,36,0,19.83000425,-10.78431373,Feuillus,6.64E-10,8.35E-12,8.35E-12,1459,18,61
562,0.106,0.38,2.074131586,10,0,-9.405526095,-8.235294118,Feuillus,0.06274756975,8.35E-12,0.01162500134,1622,35,101
265,0.302,1.226,5.05063966,62,0,-4.675700838,-8.148148148,Feuillus,0.4821606871,8.35E-12,0.04887760099,1546,34,145
428,0.322,1.276,6.065039939,-2,0,-6.520947177,-7.608695652,Feuillus,0.4175855339,8.35E-12,8.35E-12,1525,35,146
266,0.161,0.353,12.07702631,-6,102.232349,-6.400518711,-8.421052632,Feuillus,0.6931471808,8.35E-12,8.35E-12,1592,46,273
429,0.112,1.336,3.875793659,290.4,615.4269465,-6.008023136,-7.368421053,Feuillus,0.6899189208,8.35E-12,8.35E-12,1740,45,258
430,0.083,0.288,1.762379243,34.4,18.21205389,-2.098164106,-12.67605634,Feuillus,0.9602784019,0.3223333329,8.35E-12,1575,42,280
431,0.12,0.287,5.564459008,148.2,71.19464083,0.05999600027,-12.5,Feuillus,0.7494441273,8.35E-12,0.03423380314,1638,32,303
564,0.044,0.233,2.43838516,8.6,0,0.008107012566,-10.11235955,Feuillus,0.6037106342,0.4119295955,8.35E-12,1690,32,299
486,0.22,0.805,7.471227924,10.8,188.8686471,1.486767767,-12.94117647,Feuillus,1.014990836,0.5938734048,0.3558556271,1584,18,139
487,0.113,0.297,7.027287645,19.4,264.3417711,-2.51585851,-10.41666667,Feuillus,0.937632281,0.1919027088,0.8080966313,1538,18,105
267,0.074,0.244,1.674512812,91,306.3662337,3.052829099,-10.84337349,Feuillus,0.6931471808,8.35E-12,8.35E-12,1745,39,301
434,0.123,0.208,5.782802314,14.4,550.2099024,1.02590984,-10.84337349,Feuillus,0.6784496048,8.35E-12,8.35E-12,1600,36,310
268,0.144,0.442,4.441659867,53.6,0,1.891348089,-10.28037383,Feuillus,0.6931471808,8.35E-12,8.35E-12,1522,33,217
435,0.116,0.355,2.130317302,17,55.12370873,1.312250387,-9.345794393,Feuillus,0.8478862263,0.09214804357,8.35E-12,1458,32,226
690,0.122,0.231,7.012193788,-0.4,212.1051196,2.309135517,-11.25,Feuillus,0.6931471808,8.35E-12,8.35E-12,1520,33,223
436,0.118,0.266,2.869647498,12.2,290.1782202,4.116578138,-11.25,Feuillus,0.6853329187,8.35E-12,8.35E-12,1639,38,278
691,0.077,0.059,5.28060601,-10.4,362.5026284,4.844913659,-9.448818898,Feuillus,0.6901591455,8.35E-12,8.35E-12,1303,45,268
561,0.138,0.408,4.912166738,43.4,604.2440073,1.597148891,-10.14492754,Feuillus,0.9780500315,0.2777336646,8.35E-12,1590,41,315
437,0.128,0.234,3.756412081,60.8,397.9863438,5.091833388,-9.523809524,Feuillus,0.6798411391,8.35E-12,8.35E-12,1529,39,283
279,0.156,0.711,0.9861348565,17.2,0,32.02153933,-12.65822785,Feuillus,0.9863994305,0.2814201443,8.35E-12,1557,34,173
462,0.138,0.911,4.261825392,38.2,0,32.13611345,-12.65822785,Feuillus,0.9791680766,0.2654568402,8.35E-12,1555,34,198
463,0.234,7.358,8.625564095,-12,0,32.46366452,-12.82051282,Feuillus,1.120025538,0.4829828661,0.04861590085,1508,27,139
584,0.215,0.463,7.287711567,101.6,0,14.83418093,-9.022556391,Feuillus,0.4780324817,8.35E-12,8.35E-12,1386,35,177
310,0.227,1.608,5.631271375,7,0,-13.37255951,-11.57894737,Feuillus,6.64E-10,8.35E-12,8.35E-12,1539,22,149
341,0.037,0.11,2.528466725,0,0,-15.19809069,-12.12121212,Feuillus,0.5636523457,8.35E-12,8.35E-12,1471,8,162
342,0.204,0.845,7.845894059,14.2,0,-11.19439307,-9.401709402,Feuillus,0.3523289146,8.35E-12,8.35E-12,1466,17,171
22,0.231,0.676,5.169545829,145.8,0,-2.46343341,-9,Feuillus,0.6930240001,8.35E-12,8.35E-12,1439,41,137
426,0.167,0.441,3.004391572,3.6,94.9269661,-2.574886276,-9.090909091,Feuillus,0.6931419296,8.35E-12,8.35E-12,1514,41,89
427,0.143,0.362,4.472462795,54,528.6999274,-4.093457944,-8.411214953,Feuillus,0.6931466834,8.35E-12,8.35E-12,1483,37,86
23,0.091,0.332,10.14315588,13.6,0,32.10714471,-11.70212766,Feuillus,0.8895299267,0.1333819876,8.35E-12,1575,24,244
460,0.183,0.473,3.354272347,3.6,0,31.25655949,-11.70212766,Feuillus,1.102827683,0.1197182025,0.1852907618,1518,21,233
637,0.336,2.538,16.79160032,7,37.20646308,-11.29634691,-9.821428571,Feuillus,0.690067421,8.35E-12,8.35E-12,1647,27,263
638,0.017,0.021,10.86040708,17.2,0,-9.061304242,-12.90322581,Feuillus,0.6931471808,8.35E-12,8.35E-12,1568,19,223
670,0.141,0.718,7.368160861,8.2,64.70204974,-13.68137679,-11.32075472,Feuillus,0.1280355666,8.35E-12,8.35E-12,1620,23,220
671,0.072,-0.272,0.6264648296,-19,724.4723112,-12.04305066,-11.32075472,Feuillus,0.6817469957,8.35E-12,8.35E-12,1498,17,205
672,0.175,1.204,3.510831408,0.4,106.8947258,-9.186649384,-12.90322581,Feuillus,0.6670428084,8.35E-12,8.35E-12,1572,21,198
697,0.179,0.492,4.255520534,76.2,0,-3.033717604,-10.34482759,Feuillus,1.024735964,0.3782028661,8.35E-12,1417,18,188
698,0.281,1.626,9.36228852,-3,193.9506786,-4.076433121,-13.95348837,Feuillus,0.6054912064,8.35E-12,8.35E-12,1569,23,222
699,0.428,3.264,14.50424726,-10.8,305.0821883,-11.53348132,-10.71428571,Feuillus,0.6926097481,8.35E-12,8.35E-12,1620,26,253
271,0.206,0.6,5.432756642,36,215.3696616,13.02194861,-10.78431373,Feuillus,0.6160641331,8.35E-12,0.4414334655,1644,34,172
458,0.266,0.757,5.296717117,3.8,0,31.35311871,-10.63829787,Feuillus,0.9080698982,0.1541522513,0.8458276688,1536,33,273
459,0.246,2.448,2.764334315,29.4,0,31.42379165,-10.86956522,Feuillus,0.619800423,0.3458463282,0.013468525,1557,24,266
311,0.079,-0.027,10.78382805,41.2,0,2.884757267,-12.37113402,Feuillus,1.02551993,0.3703755754,0.6289052795,1541,21,139
425,0.124,0.521,10.15132087,52.6,29.77953017,-2.168515146,-8.695652174,Feuillus,0.6790379226,8.35E-12,8.35E-12,1642,33,78
30,0.227,2.388,1.696143771,200,312.6252431,0.02554495913,-9.259259259,Feuillus,0.6734097616,8.35E-12,8.35E-12,1619,42,131
312,0.073,0.267,4.977564503,56.2,80.00729027,18.06886924,-17.39130435,Feuillus,0.9953487768,0.7074699366,0.2925318424,1716,20,261
673,0.235,0.678,2.332178481,37.2,0,8.537466343,-14.94252874,Feuillus,1.010749317,0.6685410703,0.3314554385,1502,19,195
674,0.144,0.509,4.522704306,29.6,0,13.06865178,-15.38461538,Feuillus,0.8968862276,0.141389671,0.8586112894,1662,23,132
340,0.138,0.395,13.21487595,34,0,-13.90020367,-11.95652174,Feuillus,6.64E-10,8.35E-12,8.35E-12,1595,15,242
636,0.083,0.344,3.43190124,25,0,-8.683624587,-15.06849315,Feuillus,6.64E-10,8.35E-12,8.35E-12,1697,21,126
669,0.091,0.19,3.489776985,14.8,0,-13.83722914,-11.95652174,Feuillus,6.64E-10,8.35E-12,8.35E-12,1712,22,111
313,0.081,0.157,3.738048734,-40.8,0,1.75761871,-13.33333333,Feuillus,0.6931471808,8.35E-12,1.00000086,1674,31,158
642,0.206,0.864,14.2285893,-1.6,19.4663632,10.46861824,-13.95348837,Feuillus,0.6931471807,8.35E-12,0.9999789955,1692,26,243
643,0.17,0.767,5.054042778,6.4,46.58230107,0.3868160206,-10.81081081,Feuillus,0.6931471807,8.35E-12,1.000019009,1608,25,218
275,0.149,0.502,3.861879415,2.4,311.1587109,22.28975778,-14.49275362,Feuillus,0.7769708629,0.03990664452,8.35E-12,1692,26,101
277,0.263,0.444,4.65921295,12,245.2825491,29.48728637,-13.69863014,Feuillus,0.6931471808,8.35E-12,8.35E-12,1614,36,64
580,0.178,0.837,3.661253271,21.2,0,32.63619812,-11.62790698,Feuillus,0.838898867,0.08529017048,8.35E-12,1702,27,61
645,0.116,0.186,9.958050691,-10,266.6530695,-3.314335818,-11.11111111,Feuillus,0.6931471808,8.35E-12,1.000003524,1430,21,253
646,0.126,0.329,6.151614988,97.4,0,-0.07474400179,-13.40206186,Feuillus,0.8820440033,0.1255266147,0.8744732851,1721,27,266
29,0.141,1.257,4.184952936,6.2,60.78236261,-4.437706725,-10.4,Feuillus,0.6931471808,8.35E-12,0.9999999916,1506,28,195
316,0.132,0.414,2.65454498,-3.2,0,16.30139552,-15.85365854,Feuillus,0.6931471808,8.35E-12,1.000000117,1633,22,208
648,0.205,0.611,11.93343654,1.8,346.4523329,0.5388176368,-12.62135922,Feuillus,0.8156164668,0.06666994436,0.9333320099,1582,20,266
649,0.057,-0.058,2.014747181,-10,94.34014484,16.63767276,-15.11627907,Feuillus,0.6931471808,8.35E-12,0.999990162,1642,24,219
629,0.238,2.933,7.812611891,101.4,0,8.539930089,-16.25,Feuillus,0.6931471807,8.35E-12,0.9999821698,1743,22,58
270,0.188,2.514,0.3832768871,67,0,8.742147771,-9.917355372,Feuillus,0.6930623509,8.35E-12,8.35E-12,1424,26,241
438,0.049,-0.069,6.120865016,2.2,0,17.68361887,-11.49425287,Feuillus,0.6931471808,8.35E-12,8.35E-12,1546,26,106
439,0.245,0.557,5.585292789,2.2,0,17.59389544,-11.76470588,Feuillus,0.6931471808,8.35E-12,8.35E-12,1572,30,215
441,0.169,0.209,1.411166791,3.2,0,18.61811293,-10.75268817,Feuillus,0.6965553428,8.35E-12,0.0008439207562,1561,30,66
442,0.163,0.579,9.455422874,2.2,0,18.63399758,-10.63829787,Feuillus,0.6931471808,8.35E-12,8.35E-12,1526,27,100
444,0.276,2.654,0.3186365709,33,0,2.742054693,-11.23595506,Feuillus,6.64E-10,8.35E-12,8.35E-12,1520,32,47
446,0.118,0.208,7.23378181,97.6,193.4522738,5.835227273,-13.23529412,Feuillus,0.6840688701,8.35E-12,8.35E-12,1528,38,276
447,0.069,0.085,4.77466878,75.4,348.3694867,9.772240607,-10.34482759,Feuillus,0.6928768174,8.35E-12,8.35E-12,1496,39,312
448,0.432,1.537,11.27617781,31.2,0,5.492027702,-9.917355372,Feuillus,0.7472912686,8.35E-12,0.03474026227,1497,34,65
449,0.314,0.883,9.022291546,43,5.876658796,10.89676425,-13.15789474,Feuillus,0.661413695,8.35E-12,8.35E-12,1637,39,70
565,0.067,0.134,8.971803637,8.2,0,4.22358298,-9.900990099,Feuillus,0.6912089962,8.35E-12,8.35E-12,1592,33,320
566,0.107,0.272,3.121041862,9.8,0,4.381101132,-11,Feuillus,0.6930119715,8.35E-12,8.35E-12,1562,28,283
567,0.165,0.42,3.60024404,92.6,0,8.392101551,-10.75268817,Feuillus,0.7277793361,0.01297523348,8.35E-12,1656,32,257
568,0.066,0.125,3.046562391,35.6,0,11.7632,-10.86956522,Feuillus,0.6931471808,8.35E-12,8.35E-12,1634,31,267
571,0.057,-0.155,3.226480371,-13.4,50.92499216,11.21037655,-11.57894737,Feuillus,6.64E-10,8.35E-12,8.35E-12,1515,36,257
573,0.14,0.287,2.708197086,86.6,0,9.048521055,-9.016393443,Feuillus,0.6825429229,8.35E-12,8.35E-12,1568,36,285
574,0.24,0.505,3.594744846,0,0,8.274674255,-9.917355372,Feuillus,0.7429755556,8.35E-12,0.03504501082,1469,30,224
651,0.221,0.452,12.91231847,13,0,11.20537494,-13.68421053,Feuillus,0.6931471807,8.35E-12,0.9999815274,1568,15,303
652,0.175,0.62,8.289221244,0.2,333.9501566,16.22172785,-14.81481481,Feuillus,0.9649953387,0.2336896709,0.7663110473,1654,20,269
653,0.227,0.859,13.24342457,0.4,0,12.5201418,-14.28571429,Feuillus,0.9896006963,0.2799511137,0.7200454792,1502,22,230
538,0.06,0.095,3.335903052,19.2,0,7.021039209,-10.71428571,Feuillus,0.3451371387,8.35E-12,8.35E-12,1590,40,145
539,0.219,1.558,6.267159658,146,0,9.143442323,-10.81081081,Feuillus,0.5386226427,0.2266892474,8.35E-12,1774,45,52
542,0.081,0.055,1.714626524,10,0,5.785055958,-10.46511628,Feuillus,0.3571017112,0.1301054309,8.35E-12,1521,33,78
703,0.091,0.213,1.548048992,-10.8,216.5097784,6.150081566,-11.76470588,Feuillus,6.64E-10,8.35E-12,8.35E-12,1560,36,139
335,0.172,1.687,3.196179822,2.8,2.218743303,-0.09535918627,-15.73033708,Feuillus,0.6931471808,8.35E-12,8.35E-12,1569,22,145
336,0.093,0.304,1.905315859,13.2,210.9047128,-8.379204893,-13,Feuillus,0.8445519033,0.1192594512,8.35E-12,1652,28,144
337,0.221,1.092,0.8822745717,32,0,6.796438644,-14.81481481,Feuillus,0.6924655864,8.35E-12,8.35E-12,1645,24,155
338,0.07,0.193,5.747285361,40,0,6.465802953,-14.11764706,Feuillus,0.6884554666,8.35E-12,8.35E-12,1677,21,111
631,0.102,0.031,3.733322721,81.8,293.8585943,-5.244070501,-14.43298969,Feuillus,0.6931471808,8.35E-12,8.35E-12,1713,28,150
633,0.043,0.046,1.122566655,-49.8,44.76591488,3.276131045,-17.64705882,Feuillus,0.01996630199,0.002930094345,8.35E-12,1638,29,134
634,0.212,0.849,5.249667076,2,0,6.602682701,-15.85365854,Feuillus,0.6617651457,8.35E-12,8.35E-12,1588,19,125
635,0.229,1.6,14.09013467,0,0,8.374048404,-13.41463415,Feuillus,0.6931471808,8.35E-12,8.35E-12,1646,20,96
630,0.164,0.499,6.580739043,19.4,12.59509583,2.640376225,-16.66666667,Feuillus,0.6238083972,8.35E-12,8.35E-12,1734,28,269
688,0.104,0.19,1.496428674,17.4,0,-1.647802929,-7.608695652,Feuillus,0.682357963,8.35E-12,8.35E-12,1695,31,81
246,0.152,1.665,7.738873273,8.8,0,-1.637526652,-10.95890411,Feuillus,0.6931471807,1.000018297,8.35E-12,1474,27,42
632,0.127,0.34,3.008136148,43.8,0,20.66418928,-15.55555556,Feuillus,0.1888636371,8.35E-12,8.35E-12,1622,23,132
578,0.171,0.272,12.72405153,14,0,24.85901982,-9.401709402,Feuillus,0.9401943308,0.1539623968,0.0123764693,1462,29,232
330,0.155,0.591,2.732987874,23,21.93343208,16.71224552,-16.21621622,Feuillus,0.819021903,0.0692711089,0.9307287742,1753,24,72
625,0.197,2.289,2.820165118,107,0,6.422541638,-13.33333333,Feuillus,1.216476882,0.4144633283,0.1889258812,1751,34,81
627,0.247,1.048,2.970038408,83,81.59778558,7.946363352,-17.64705882,Feuillus,0.2106829156,8.35E-12,8.35E-12,1635,24,285
628,0.202,1.267,4.73811373,139.6,0,7.593640528,-17.07317073,Feuillus,0.7505902916,8.35E-12,0.2175322254,1636,23,88
655,0.175,0.566,8.611287125,10,97.23623497,15.95013088,-17.10526316,Feuillus,0.6931471808,8.35E-12,1.000003975,1677,18,307
658,0.162,0.685,3.004180788,4.2,436.9977107,14.0477566,-15.85365854,Feuillus,0.6931471808,8.35E-12,0.9999992568,1593,22,223
392,0.148,0.257,7.987545615,40.2,0,4.785581106,-9.89010989,Feuillus,0.6931471807,8.35E-12,8.35E-12,1608,36,49
393,0.106,0.28,1.877311773,23,0,6.554712893,-9.89010989,Feuillus,0.6931471808,8.35E-12,8.35E-12,1548,30,53
541,0.082,0.11,5.184404312,26,0,4.53870153,-10.71428571,Feuillus,0.6931471808,8.35E-12,8.35E-12,1503,33,59
659,0.041,0.149,2.316613256,8.4,653.8942636,8.864200449,-14.58333333,Feuillus,0.6931471807,8.35E-12,0.9999803008,1491,29,194
660,0.201,1.095,8.068726194,2,605.8181277,13.70029688,-15.85365854,Feuillus,0.6931471808,8.35E-12,1.000002555,1611,19,277
661,0.204,0.483,2.597198401,7.4,30.45256828,8.45709571,-13.54166667,Feuillus,0.906120221,8.35E-12,0.8481264186,1480,24,243
662,0.33,1.473,10.03654272,26,0,2.667801902,-11.71171171,Feuillus,0.6931471808,8.35E-12,0.9999994405,1436,19,272
21,0.324,0.972,10.59905411,13,261.3940864,-2.386039886,-9.090909091,Feuillus,0.692186731,8.35E-12,8.35E-12,1548,35,127
262,0.165,0.919,2.381574143,115.8,0,-1.771259117,-8.641975309,Feuillus,0.7872669168,0.04614245774,8.35E-12,1716,28,256
263,0.136,0.276,4.086820821,22.4,200.742118,-0.6903353057,-9.009009009,Feuillus,0.6931471808,8.35E-12,8.35E-12,1487,36,155
264,0.072,0.117,5.50652744,8.2,0,-0.9230059226,-8.860759494,Feuillus,0.1900413473,8.35E-12,8.35E-12,1686,29,299
410,0.188,0.744,12.02773155,-39,0,-1.303160359,-8.641975309,Feuillus,0.6821307411,8.35E-12,8.35E-12,1475,23,94
413,0.186,0.774,8.056428501,82,0,-2.496521874,-9.210526316,Feuillus,0.6918652007,8.35E-12,8.35E-12,1610,37,307
424,0.022,0.028,1.815353276,-14.4,5.150906736,-4.24746868,-9.782608696,Feuillus,0.6935283444,7.26E-05,8.35E-12,1559,38,97
555,0.136,0.297,1.819800661,86.2,0,-7.952221222,-7.407407407,Feuillus,0.7887477903,0.0475380243,8.35E-12,1567,29,112
556,0.214,3.036,2.190936952,166.4,127.7823246,1.720341316,-8,Feuillus,0.9463075547,0.2042865124,8.35E-12,1696,32,92
560,0.184,0.911,6.921678379,-3.6,0,-3.926254694,-8.602150538,Feuillus,0.7015879504,0.002401150719,8.35E-12,1534,31,76
704,0.183,0.697,6.086180335,10.8,0,-1.481540168,-8.641975309,Feuillus,0.6142164985,8.35E-12,8.35E-12,1602,26,133
235,0.251,1.56,1.891857985,70,0,7.003217025,-11.11111111,Feuillus,0.780935084,0.04240285734,8.35E-12,1488,22,148
259,0.042,-0.048,6.203472029,31.4,0,-8.749792462,-7.954545455,Feuillus,0.6931471808,8.35E-12,0.9999999749,1516,22,144
260,0.034,-0.17,2.840834718,36,0,-5.728760717,-8.73015873,Feuillus,0.6931471808,8.35E-12,1.000000075,1513,34,155
261,0.027,-0.092,1.187730875,4.8,65.49663343,-7.226468027,-8.620689655,Feuillus,0.6931471808,8.35E-12,1.000000259,1460,27,174
258,0.091,0.074,6.998236857,-18.8,127.3229077,-8.433253397,-8.536585366,Feuillus,0.6931471808,8.35E-12,0.9999999332,1558,25,148
387,0.193,1.787,1.691374471,50,0,11.76153431,-9.89010989,Feuillus,0.6931471808,8.35E-12,8.35E-12,1488,27,274
245,0.082,0.26,1.358097781,35.4,0,-6.118198386,-10.1010101,Feuillus,0.6931471808,8.35E-12,8.35E-12,1614,30,170
247,0.058,0.088,12.49694786,-96.8,0,-4.12470444,-9.89010989,Feuillus,0.853766252,0.9017416558,8.35E-12,1541,33,48
248,0.241,0.704,3.21397312,86.6,0,-8.068221987,-8.791208791,Feuillus,0.6931471808,8.35E-12,8.35E-12,1615,38,143
253,0.141,0.812,3.770790012,25.6,0,5.80734243,-8.771929825,Feuillus,0.923018619,0.1724455791,0.8275544126,1582,40,225
254,0.064,0.187,9.160530146,4.4,122.0071629,-7.667520449,-9.333333333,Feuillus,0.6931471808,8.35E-12,8.35E-12,1619,36,282
256,0.113,0.198,9.810901464,84.8,0,-9.04985889,-7.446808511,Feuillus,0.8354420178,0.007266962079,0.06558223019,1557,36,109
395,0.097,0.158,5.10904503,-13,0,-4.175019611,-9.278350515,Feuillus,0.6931471808,8.35E-12,8.35E-12,1561,35,287
396,0.359,2.4,5.041454857,42,0,-9.321202391,-8.333333333,Feuillus,0.8003624255,0.05551011464,8.35E-12,1464,32,110
397,0.251,1.003,1.309825839,123.6,0,-7.333974976,-10.11235955,Feuillus,0.6931471808,8.35E-12,8.35E-12,1511,33,66
400,0.276,0.81,1.049604509,84,0,-7.930094898,-10,Feuillus,0.5781372645,8.35E-12,8.35E-12,1502,35,118
401,0.171,0.682,14.12322015,22,0,-0.228627419,-9.85915493,Feuillus,0.6931471808,8.35E-12,8.35E-12,1637,34,264
402,0.044,0.108,4.079799626,101.4,0,-10.51317376,-8.661417323,Feuillus,0.9903642945,0.7184320944,8.35E-12,1480,30,256
403,0.269,1.511,6.528963985,175,0,-7.179954442,-10.34482759,Feuillus,0.6931471808,8.35E-12,8.35E-12,1649,35,300
404,0.204,0.463,12.2254184,15.4,0,-5.061321618,-10.46511628,Feuillus,0.6931471808,8.35E-12,8.35E-12,1444,34,264
405,0.174,0.716,2.490356072,-1.8,0,-7.789695797,-8.791208791,Feuillus,1.016385449,0.3484417023,8.35E-12,1440,34,142
406,0.326,1.196,2.115010228,156.4,0,-9.34789592,-10,Feuillus,0.852693513,8.35E-12,0.09729223475,1494,40,119
407,0.251,0.652,5.049127012,92.6,137.1734031,-9.272961235,-10,Feuillus,0.6931471807,8.35E-12,8.35E-12,1548,49,71
416,0.215,0.844,6.450963397,11.8,0,-4.203296703,-8.163265306,Feuillus,0.6931471807,8.35E-12,8.35E-12,1457,27,164
417,0.219,0.582,10.480194,12.8,0,-5.32985799,-7.52688172,Feuillus,0.6812705071,8.35E-12,8.35E-12,1515,29,57
418,0.176,0.43,7.269575552,82.4,0,-4.535824345,-9.166666667,Feuillus,0.6931471808,8.35E-12,8.35E-12,1369,27,257
419,0.132,0.288,3.855178786,166,80.67405339,-6.802659139,-7.446808511,Feuillus,0.6931471808,8.35E-12,8.35E-12,1564,38,273
420,0.151,0.259,5.794042121,30,0,-6.228971538,-7.446808511,Feuillus,0.6931471808,8.35E-12,8.35E-12,1600,38,261
421,0.112,0.365,6.802237035,25.2,54.1462388,4.306023502,-8.849557522,Feuillus,0.6931471808,8.35E-12,8.35E-12,1479,39,211
422,0.269,1.627,3.529284593,5,0,-0.2371958183,-8.411214953,Feuillus,0.7117453066,8.35E-12,0.006101588637,1531,35,224
423,0.066,0.123,3.748438578,24,182.3478815,-6.893151667,-7.777777778,Feuillus,0.6931471808,8.35E-12,8.35E-12,1519,35,280
540,0.117,0.303,2.678054028,-3,0,-5.923009624,-8.163265306,Feuillus,0.6931471808,8.35E-12,8.35E-12,1599,31,307
544,0.307,7.587,1.348999567,216.2,0,-4.715719064,-9.523809524,Feuillus,0.6931471808,8.35E-12,8.35E-12,1673,36,280
545,0.394,3.979,8.621737662,102.6,0,-2.159523416,-11.26760563,Feuillus,0.6931471808,8.35E-12,8.35E-12,1739,38,296
547,0.185,0.372,6.072678928,52.6,0,-6.044460775,-9.195402299,Feuillus,0.6931471808,8.35E-12,8.35E-12,1554,34,70
548,0.185,6.019,4.375732678,60.4,0,-9.054040353,-8.181818182,Feuillus,0.8998284921,0.7197429235,0.1445715371,1300,20,297
317,0.128,0.313,6.762738534,19,0,17.01463773,-15,Feuillus,0.6931471808,8.35E-12,1.000000267,1626,28,202
318,0.46,1.256,6.457138482,0,308.8774077,15.8103135,-15.6626506,Feuillus,0.6931471808,8.35E-12,1,1643,26,179
319,0.149,0.049,5.796027667,42.4,0,13.1358127,-14.28571429,Feuillus,0.6931471808,8.35E-12,1.000000058,1585,26,133
657,0.312,1.745,6.212154919,51.4,32.96495049,15.53207764,-15.29411765,Feuillus,0.6931471808,8.35E-12,0.9999958247,1642,22,103
664,0.163,0.28,6.35482619,19.4,0,12.46199014,-14.28571429,Feuillus,1.020016018,8.35E-12,0.6394417176,1465,20,293
665,0.073,0.108,1.012649655,-11.8,0,4.391984628,-11.40350877,Feuillus,0.8168548588,8.35E-12,0.9323997015,1454,31,86
666,0.311,1.175,4.39044248,9,0,13.02606253,-14.28571429,Feuillus,0.9859088982,8.35E-12,0.2741874015,1446,19,200
667,0.402,1.12,8.514941009,3,0,1.418653788,-11.47540984,Feuillus,0.6230209966,8.35E-12,8.35E-12,1378,14,210
678,0.226,0.356,8.744134544,7.8,0,16.16392096,-16.4556962,Feuillus,0.6931471808,8.35E-12,0.9999968101,1490,24,308
679,0.187,0.617,6.438948943,0.8,0,11.05907148,-13,Feuillus,0.6931471808,8.35E-12,0.9999928102,1475,19,121
227,0.136,0.378,6.14520061,24,0,12.71405114,-11.11111111,Feuillus,0.6931471808,8.35E-12,8.35E-12,1462,24,79
230,0.219,0.735,6.897720096,-30.8,0,8.243060257,-9.90990991,Feuillus,0.6931466749,8.35E-12,8.35E-12,1405,25,272
231,0.188,1.126,2.983720203,-4,0,8.63363997,-9.90990991,Feuillus,0.6927933086,8.35E-12,8.35E-12,1378,20,166
232,0.163,0.556,3.132156695,-2.4,349.6261451,12.32576808,-9.87654321,Feuillus,0.6929599685,8.35E-12,8.35E-12,1517,38,137
233,0.165,0.404,8.575164644,-71,0,4.297577262,-9.482758621,Feuillus,0.6911367012,8.35E-12,8.35E-12,1541,39,181
238,0.138,0.449,3.813291017,196.2,0,5.823680824,-10.75268817,Feuillus,0.6931471808,8.35E-12,8.35E-12,1639,37,298
239,0.096,0.247,3.16418265,33.4,0,8.087222647,-10.46511628,Feuillus,0.6931471808,8.35E-12,8.35E-12,1617,31,91
388,0.149,0.263,3.890206429,-5.8,0,11.76376055,-9.278350515,Feuillus,0.6931453218,8.35E-12,8.35E-12,1505,28,52
389,0.07,-0.183,1.841253781,-89,0,12.76035792,-8.695652174,Feuillus,0.6614401731,8.35E-12,8.35E-12,1546,37,153
391,0.092,0.336,4.146089533,85.8,0,8.710801394,-9.302325581,Feuillus,0.6931471808,8.35E-12,8.35E-12,1445,28,326
702,0.322,6.298,5.104998027,30,0,3.932968536,-9.482758621,Feuillus,0.6931471808,8.35E-12,8.35E-12,1327,26,160
550,0.17,1.325,0.8467815131,21,84.61545709,18.90794224,-7.476635514,Feuillus,0.6931471808,8.35E-12,0.999999691,1395,15,311
551,0.082,0.155,3.146381432,-2.6,0,19.57955037,-7.954545455,Feuillus,0.6931471808,8.35E-12,0.9999937787,1464,19,63
552,0.027,-0.087,15.70172834,52,0,16.23210918,-7.920792079,Feuillus,0.6931471808,8.35E-12,1.000008517,1444,16,327
553,0.197,0.371,1.587417274,-3,0,16.01602166,-8.411214953,Feuillus,0.6931471808,8.35E-12,0.9999994823,1465,24,87
554,0.044,0.016,5.86909229,21.6,74.88587393,-7.944064267,-9.589041096,Feuillus,0.9395818349,0.1946314156,0.8053684424,1606,28,48
466,0.136,0.598,3.3052651,-75.8,467.2070829,25.64463858,-9.090909091,Feuillus,0.6929018149,8.35E-12,8.35E-12,1691,47,110
452,0.144,0.291,5.016874104,103.8,0,13.69451993,-13.04347826,Feuillus,0.7208901804,0.009314825887,0.9903973015,1733,34,283
461,0.031,-0.019,6.607350337,0.4,42.48008665,24.80830181,-11.82795699,Feuillus,0.6929459769,8.35E-12,8.35E-12,1467,38,92
644,0.234,3.256,1.379164021,1,0,-4.977021609,-9.701492537,Feuillus,0.6931471808,8.35E-12,1.000004502,1254,24,251
282,0.231,1.2,10.88308676,2.6,0,33.40852428,-10.09174312,Conifères,0.5370573544,0.295624427,8.35E-12,1821,29,162
474,0.337,15.272,5.402423669,25.6,0,17.0389049,-10.08403361,Conifères,6.64E-10,8.35E-12,8.35E-12,1570,32,265
292,0.197,0.592,1.921091366,80.2,0,24.65645858,-12.64367816,Conifères,6.64E-10,8.35E-12,8.35E-12,1589,27,143
639,0.623,6.504,3.550678315,146,0,-5.282669138,-10.61946903,Conifères,0.9902259161,0.7187189192,0.2812793185,1281,22,222
516,0.107,0.283,6.142109618,1.6,231.1196196,7.830073788,-15.18987342,Conifères,0.6926709145,8.36E-12,0.9401263871,2050,35,235
276,0.294,2.186,12.4395667,108.4,0,24.0316626,-14.49275362,Conifères,0.6931471808,8.35E-12,8.35E-12,1829,30,197
354,0.236,0.836,2.772714416,66.2,0,17.20406522,-14.28571429,Conifères,1.03964572,0.5086695761,0.4913310505,1989,31,308
616,0.126,0.466,6.856138228,96.6,0,16.8371625,-10.34482759,Conifères,0.5029256344,0.0003122618554,0.2496806272,2150,35,269
355,0.073,2.04,1.695673575,57,0,16.61627448,-16.43835616,Conifères,0.9468070296,0.7949526824,0.2050468079,2132,23,304
19,0.08,1.165,2.156109613,-18.4,471.0576395,22.06920698,-18.33333333,Conifères,0.7014918576,0.9976306478,0.002369310463,2286,19,169
26,0.179,4.47,2.631294581,1.8,520.244428,19.97929042,-21.21212121,Conifères,1.03339715,0.4206473438,0.5793519376,2370,32,280
27,0.067,0.826,3.006307784,1.2,379.8111465,20.12798775,-19.6969697,Conifères,0.8524784754,0.902912731,0.09709973545,2292,21,283
617,0.076,1.431,1.887929263,104.8,0,16.55650808,-16.43835616,Conifères,0.6931471808,1.000000084,8.36E-12,2145,22,295
708,0.101,2.153,1.504607536,83,601.3520919,15.23112529,-18.57142857,Conifères,0.8865979369,0.1302709944,0.8697293482,2401,35,179
356,0.029,0.141,2.683020812,1.2,0,13.66705471,-14.81481481,Conifères,0.9589852557,0.7761987732,0.2238004414,2121,24,239
361,0.025,0.222,3.027207892,-3,11.02313811,12.89027654,-14.81481481,Conifères,0.6931471808,8.36E-12,0.9999994903,2139,16,199
359,0.047,0.128,2.112110866,-17.6,0,18.60956618,-25,Conifères,0.9479660396,0.2067640879,0.7932329794,2298,25,280
360,0.049,0.625,2.668861378,4.8,30.52752662,17.41958615,-25.86206897,Conifères,0.6931471808,8.36E-12,1.000000526,2349,31,166
620,0.127,1.222,3.791674809,3.4,1198.14913,16.80672269,-16.94915254,Conifères,0.6931471807,8.36E-12,1.000018023,2295,39,295
621,0.209,4.773,2.755910399,7.8,1291.743731,16.30718954,-20.33898305,Conifères,0.6931471808,8.36E-12,1.000001654,2291,37,295
363,0.125,1.645,2.306900121,-9,1289.285768,17.25885827,-21.81818182,Conifères,0.9965792654,0.2953400213,0.7046624519,2304,25,280
364,0.044,-0.372,3.623123994,0.2,846.4894954,11.68576312,-16.66666667,Conifères,0.9339185651,0.1867954327,0.8132055197,2222,27,175
365,0.073,-0.088,3.821151244,28.8,236.4171455,11.2109845,-12.65822785,Conifères,1.005754539,0.3178191026,0.6821823429,2085,39,85
610,0.202,3.529,1.675362149,20,132.6082065,14.10448779,-14.28571429,Conifères,0.6931471807,8.36E-12,0.9999837488,2067,27,278
377,0.128,0.001,2.246465032,28.2,0,1.103975756,-19.44444444,Conifères,0.7228455261,8.35E-12,0.9892370173,2003,18,109
309,0.212,0.941,2.104686438,71.8,253.9042595,10.2865234,-11.11111111,Conifères,0.7514072812,0.02489453107,0.9751063044,2024,35,240
603,0.167,0.369,2.433061218,52.6,1157.022725,19.5442127,-14.49275362,Conifères,0.6931471808,8.35E-12,0.9999984712,2083,28,92
531,0.165,0.301,2.526940964,0.4,0,5.685534591,-22.3880597,Conifères,0.6931471808,8.35E-12,1.000000434,1997,19,111
684,0.095,-0.445,5.214764137,26.2,0,2.834697218,-19.71830986,Conifères,0.8242159294,0.003832026713,0.9323831138,2006,25,231
323,0.132,0.123,1.960848031,8,858.627938,8.707326429,-13.33333333,Conifères,0.6931471808,8.35E-12,1,1971,20,208
324,0.119,-0.172,3.365342417,1.8,458.7783811,9.483818107,-16.92307692,Conifères,0.6931471808,8.35E-12,1.000000568,2002,24,276
601,0.405,2.244,11.14905356,21,1204.795398,7.705263158,-15.38461538,Conifères,0.6931471807,8.35E-12,1.000016308,1937,22,242
327,0.386,21.299,6.629167549,74,196.1489662,3.936517815,-16.90140845,Conifères,0.6931471808,8.35E-12,1.000001604,2005,20,327
328,0.415,2.276,4.18111497,16.4,19.20747188,3.021289919,-15.49295775,Conifères,0.6931471808,8.35E-12,0.9999950043,2008,12,317
343,0.341,4.107,5.781760252,6,208.9543899,-1.742900867,-16,Conifères,0.6931471808,8.35E-12,1.000004135,1921,11,242
498,0.628,10.113,13.97297464,0,0,0.9994874423,-14.1025641,Conifères,0.6931471808,8.35E-12,1.000010668,1921,14,258
572,0.104,2.455,5.674337645,200.8,0,8.806530848,-10.86956522,Conifères,0.6915637683,8.35E-12,8.35E-12,1519,29,211
339,0.099,0.26,4.911844215,18.4,7.604610128,3.891385998,-14.63414634,Conifères,6.64E-10,8.35E-12,8.35E-12,1792,20,182
626,0.166,1.237,2.258149666,-0.8,0,16.22936859,-18.46153846,Conifères,0.6931471808,8.35E-12,1.000001453,1977,24,185
546,0.258,2.655,8.981631291,9.2,614.6011432,-3.261136085,-9.523809524,Conifères,0.6931471808,8.35E-12,1.000002422,1842,25,302
508,0.368,1.483,5.09613874,1,0,1.882409484,-14.28571429,Conifères,0.8969384817,0.8585696261,0.1414480932,1872,31,87
347,0.126,0.833,9.03644396,160,0,4.548059017,-16.41791045,Conifères,0.6931471808,8.35E-12,1.000000008,2157,25,265
608,0.077,-0.406,7.213687967,0.2,0,6.045558446,-14.28571429,Conifères,0.6931471808,0.9999989474,8.35E-12,1804,19,310
346,0.15,-0.262,0.6397447716,-1,0,0.7401448109,-15.06849315,Conifères,0.6931471808,8.35E-12,0.9999995573,1945,23,246
281,0.216,0.67,13.49190325,13,0,31.88141769,-11.11111111,Conifères,0.1022769155,0.02155130554,8.35E-12,1786,28,120
692,0.31,0.504,14.00056386,-22,0,35.0434492,-12.35955056,Conifères,0.546830936,8.35E-12,8.35E-12,1804,31,155
467,0.308,1.687,2.615718125,174.2,5.861441798,18.33020485,-9.174311927,Conifères,6.64E-10,8.35E-12,8.35E-12,1784,34,292
294,0.309,0.866,8.320701424,57.8,0,20.15668974,-10.09174312,Conifères,0.6931471808,8.35E-12,1.000003099,1647,28,222
476,0.322,1.948,9.610896024,58.6,184.333792,-3.545170712,-11.11111111,Conifères,0.6931471807,8.35E-12,0.9999800352,1656,26,128
288,0.126,0.263,5.795151331,114.2,0,24.84930203,-10.37735849,Conifères,0.6889200149,8.35E-12,8.35E-12,1615,32,45
451,0.156,0.336,6.755432673,76.6,0,11.30004441,-12.5,Conifères,1.200005444,0.1574709183,0.372179767,1552,36,291
450,0.401,1.798,7.859348837,61,72.28710334,11.10771114,-12.32876712,Conifères,0.6975334112,8.35E-12,0.9988856416,1691,32,47
485,0.207,0.365,6.600421884,8,0,-1.949600747,-12.22222222,Conifères,0.5664048824,8.35E-12,8.35E-12,1492,30,58
457,0.36,1.418,9.329177682,97,0,20.36448079,-13.88888889,Conifères,0.6931471808,8.35E-12,0.9999972268,1807,38,138
301,0.027,-0.067,10.59651253,5,0,-5.383627233,-10.57692308,Conifères,0.3725392456,8.35E-12,8.35E-12,1584,22,289
483,0.14,0.394,4.938473017,109,383.8709669,3.312476997,-13.41463415,Conifères,1.039716472,8.35E-12,0.4980197813,1659,27,313
597,0.117,0.191,5.593025826,28.4,36.32770015,0.2304147465,-12.64367816,Conifères,0.9077966874,8.35E-12,0.1694533665,1598,23,299
576,0.231,1.212,2.698428393,30.2,0,14.94124231,-11.2244898,Conifères,0.6931471808,8.35E-12,1.000001136,1592,30,80
582,0.146,0.106,1.130039266,17.2,446.4675782,23.25141777,-14.1025641,Conifères,0.7437900163,0.02083876141,8.35E-12,1804,34,87
252,0.135,0.64,4.717906177,7.8,0,-1.941226118,-9.459459459,Conifères,0.6931471808,8.35E-12,1.000000025,1760,35,225
409,0.34,1.73,6.405066587,55.2,176.315394,4.640662235,-12.28070175,Conifères,0.7382056029,0.01799172349,0.982007408,1834,28,224
250,0.308,1.221,5.82795253,209.6,0,-10.18925178,-10,Conifères,0.6931471808,8.35E-12,8.35E-12,1584,36,324
251,0.126,0.313,4.247618149,188.4,0,-5.576657459,-8.695652174,Conifères,0.6931471808,8.35E-12,8.35E-12,1624,35,313
537,0.33,1.709,1.609758292,137.2,0,16.04262158,-13.1147541,Conifères,0.6931471808,8.35E-12,8.35E-12,1769,31,217
333,0.354,1.325,16.6518694,3.8,0,1.697966041,-16.09195402,Conifères,0.03608680174,8.35E-12,8.35E-12,1622,29,262
334,0.256,0.561,7.272271487,37.8,0,21.33369973,-15.55555556,Conifères,0.2955428542,0.09529098684,8.35E-12,1485,33,122
236,0.279,2.022,5.087532087,97.4,0,12.64076577,-12.32876712,Conifères,0.6931471808,8.35E-12,8.35E-12,1770,30,249
390,0.256,0.703,5.523096001,16.8,7.026215455,12.62278978,-12.32876712,Conifères,0.6931471808,8.35E-12,8.35E-12,1723,30,182
534,0.137,0.811,1.684959605,22.2,0,14.48063675,-13.63636364,Conifères,0.6931471808,8.35E-12,8.35E-12,1705,22,75
535,0.183,0.772,0.2819892005,62.6,0,12.44697865,-12.32876712,Conifères,0.6931471808,8.35E-12,8.35E-12,1743,23,291
663,0.118,0.134,11.54012637,-7.2,5.295705629,12.25426658,-14.13043478,Conifères,0.6931471808,8.35E-12,0.9999921756,1573,21,321
677,0.092,0.179,9.931555075,1,15.38338657,16.56532236,-16.66666667,Conifères,0.6931471808,8.35E-12,1.000009319,1597,22,281
255,0.153,0.287,2.751518281,49,0,4.105271452,-7.5,Conifères,0.6931471808,8.35E-12,8.35E-12,1603,26,136
414,0.165,0.448,11.0486387,-2.6,0,-3.722288112,-7.070707071,Conifères,0.6931471808,8.35E-12,8.35E-12,1605,36,162
415,0.183,0.918,5.97338138,35.2,0,-0.6348646504,-8,Conifères,0.6931471808,8.35E-12,8.35E-12,1578,27,273
228,0.016,-0.009,9.182026645,2.8,0,11.60699689,-10.20408163,Conifères,0.5500755091,8.35E-12,8.35E-12,1507,29,310
384,0.126,0.215,6.038590862,1.8,0,15.30348846,-11.25,Conifères,0.580696121,8.35E-12,8.35E-12,1562,34,229
385,0.088,0.111,4.948692202,30,0,19.08800313,-13.23529412,Conifères,0.6885453345,8.35E-12,8.35E-12,1627,28,68
386,0.116,0.397,4.128566388,74.2,165.1655018,14.32089265,-10,Conifères,0.5628459612,8.35E-12,8.35E-12,1527,28,104
513,0.064,0.113,7.483371169,66.2,539.4541297,10.85377318,-8.181818182,Mixte,0.8183743282,0.06877331528,0.9312263004,1671,34,82
512,0.171,0.445,5.230987133,-16.6,479.7229954,10.24137931,-9.174311927,Mixte,0.8495326801,0.09447504801,0.9055244925,1754,38,106
16,0.243,2.621,1.288664554,6.2,0,11.07410491,-12.34567901,Mixte,0.9631631807,0.2306262994,0.7693736087,1811,24,166
502,0.312,2.532,5.487523384,60,189.2053249,2.721358299,-15.27777778,Mixte,0.6931471808,8.35E-12,0.9999935758,1880,26,112
372,0.108,0.069,8.594170528,85.6,0,-6.869938066,-13.04347826,Mixte,0.8263625466,0.08287660628,0.6091440945,1900,33,306
471,0.313,1.031,10.60227363,2.4,0,32.1945366,-13.51351351,Mixte,0.6931465149,8.35E-12,8.35E-12,1648,35,56
590,0.174,0.716,3.755003286,34,0,26.3355624,-14.47368421,Mixte,6.64E-10,8.35E-12,8.35E-12,1662,27,97
591,0.083,0.161,2.019873643,51.4,0,26.27189324,-14.28571429,Mixte,6.64E-10,8.35E-12,8.35E-12,1657,29,48
454,0.115,0.554,8.037516171,84,304.0633022,11.04471599,-10.41666667,Mixte,0.6931471808,8.35E-12,8.35E-12,1590,33,297
272,0.097,0.137,4.068049452,-12.6,0,30.7318441,-10.52631579,Mixte,0.9288701096,0.1800345582,0.8199661685,1598,32,293
273,0.163,0.474,0.8494442983,-3.8,0,30.20075221,-10.20408163,Mixte,0.6931471808,8.35E-12,0.9999965256,1530,33,238
274,0.359,22.8,9.442570981,12.6,23.36535888,32.03142844,-12.35955056,Mixte,0.6931471808,8.35E-12,8.35E-12,1649,28,263
408,0.296,1.287,3.285833166,68.6,175.1822956,-3.50779121,-11.29032258,Mixte,0.9779564948,0.2567393462,0.7432570961,1732,36,66
243,0.353,4.871,2.874382883,307.8,0,-4.436460857,-11.11111111,Mixte,6.64E-10,8.35E-12,8.35E-12,1807,38,308
249,0.16,0.994,7.172037566,4.2,0,-7.344090711,-8.791208791,Mixte,0.7607222683,0.03011743181,8.35E-12,1524,30,101
321,0.342,1.58,3.599013275,55.8,213.6422426,18.13568718,-16.88311688,Mixte,1.22277166,0.2831521275,0.4671985865,1758,24,176
322,0.329,0.798,0.7934378534,6,230.0423147,17.93062404,-16.88311688,Mixte,1.205716594,0.3822248314,0.1664712256,1662,23,94
383,0.268,2.61,3.148522234,39.4,133.9146744,14.17832688,-12.5,Mixte,0.09460689164,8.35E-12,8.35E-12,1642,31,78
257,0.114,0.141,3.31740872,0,0,16.50315155,-8.602150538,Mixte,0.6931471808,8.35E-12,0.9999991817,1509,23,221
529,0.089,0.232,0.2972566826,8,0,-1.966292135,-13.63636364,Mixte,0.6930682778,8.35E-12,0.9751878555,1831,25,301
295,0.354,1.917,3.118248093,82,0,-4.251889169,-11.2244898,Mixte,0.6931471808,8.33E-12,1.000005945,1598,32,205
290,0.298,3.945,0.377015373,71,0,21.87341344,-10.37735849,Mixte,0.9126920353,0.7986861351,8.35E-12,1433,21,227
453,0.134,0.275,4.726155939,-5.8,166.9527018,8.4176878,-9.565217391,Mixte,0.6955869225,0.0005769430342,8.35E-12,1522,39,237
484,0.253,1.688,6.441452064,-0.8,226.0489002,-3.081388858,-10.20408163,Mixte,0.8457589799,0.9088574673,0.09116496691,1527,16,214
577,0.31,1.376,5.276164372,1.4,0,31.19773276,-10.63829787,Mixte,0.8142701458,0.07061323209,0.6508082997,1405,22,131
575,0.225,2.8,9.701715975,103.4,0,11.17974058,-10.18518519,Mixte,0.6903832039,8.35E-12,8.35E-12,1529,24,97
640,0.288,1.686,1.678696097,80,1.670125773,-8.203530633,-11.60714286,Mixte,1.020850004,0.6365037001,0.3634996575,1263,20,215
624,0.271,1.378,6.57949025,13,0,17.40139211,-16.25,Mixte,0.6931471808,8.35E-12,1.000001178,1739,18,148
623,0.164,0.082,4.548659943,17.4,0,17.71754252,-16.25,Mixte,0.8290728662,8.35E-12,0.922813637,1676,16,107
668,0.315,1.188,2.147995397,42.6,0,-3.004580975,-15.95744681,Mixte,0.916928145,0.164810878,8.35E-12,1679,34,263
93,0.225,5.209,5.410453423,37,334.5077311,1.201486732,-12.04819277,Feuillus,0.6931471808,8.36E-12,1.000015722,2191,27,44
131,0.242,14.212,7.549790302,-49.4,462.7992255,23.68259176,-12.5,Feuillus,0.6931471808,8.36E-12,1.000002549,2184,37,75
35,0.021,-0.694,2.116251563,-7,880.6253111,27.56333413,-16.90140845,Feuillus,0.6931471807,8.36E-12,1.000018486,2029,23,140
33,0.179,3.091,2.435007137,-32.6,522.4854079,27.28767653,-18.96551724,Feuillus,0.9413361246,0.1981534398,0.697948687,2301,32,170
146,0.316,5.781,3.707700264,120.4,46.43155843,-4.774011299,-11.70212766,Feuillus,0.6931471808,8.36E-12,1.000001137,1751,31,136
108,0.295,3.783,0.5745803835,124.6,0,19.2285262,-8.571428571,Feuillus,0.6931471808,8.36E-12,1.000000777,1731,29,179
145,0.268,1.078,2.9953966,67,0,19.29681112,-8.571428571,Feuillus,0.6931471808,8.36E-12,0.9999999582,1731,27,217
102,0.34,1.928,5.155883178,139.4,0,12.14810574,-7.476635514,Feuillus,0.8743301852,0.1177237863,0.882260444,1625,33,121
116,0.279,8.691,7.8189276,33,417.2888316,20.17664209,-11.36363636,Feuillus,0.6887711688,8.36E-12,0.8290163176,2226,28,89
197,0.128,0.778,4.868990959,7,389.8597528,28.39470821,-16.39344262,Feuillus,0.6931471807,8.36E-12,1.000018938,2231,34,80
14,0.068,3.55,6.926390713,-19.6,54.77653426,18.75787154,-13.51351351,Feuillus,0.6931282525,8.36E-12,8.36E-12,2237,27,137
31,0.039,0.446,2.058906593,-10.4,0,22.10601533,-15.38461538,Feuillus,0.6800598865,8.36E-12,8.36E-12,2272,28,117
195,0.16,2.553,2.597994275,-0.2,861.3147727,6.651959952,-18.05555556,Conifères,0.6925763772,8.36E-12,8.36E-12,1972,29,227
166,0.172,2.177,2.205346628,4.4,0,25.3448403,-15.78947368,Conifères,0.3548164641,8.36E-12,8.36E-12,2273,24,94
168,0.43,6.506,3.974919773,36,0,23.21258907,-15.78947368,Conifères,0.6931471808,8.36E-12,8.36E-12,2188,13,123
46,0.15,2.852,1.534068846,21,0,-15.31602003,-11.9047619,Conifères,0.6679144072,8.36E-12,8.36E-12,2130,16,256
47,0.172,0.765,6.821465738,42.8,0,20.04347004,-14.45783133,Conifères,0.8309587533,0.07871643535,8.36E-12,2222,18,280
48,0.252,1.016,1.993510298,19.2,315.722725,13.70542267,-15.38461538,Conifères,0.6931471808,8.36E-12,8.36E-12,2162,13,221
49,0.185,0.963,1.947867682,-6.2,205.9636743,17.32883166,-13.75,Conifères,0.6965001092,0.0008283238934,8.36E-12,2159,12,254
50,0.326,2.759,0.6718392358,4.6,0,15.29722693,-16,Conifères,1.032608667,0.4579809933,8.36E-12,2251,19,241
53,0.194,0.755,2.351590962,12.6,0,18.12613705,-13.95348837,Conifères,0.6931471808,8.36E-12,8.36E-12,2153,15,205
123,0.241,3.01,3.021626739,12.2,0,-7.128368589,-13.25301205,Conifères,0.6931471808,8.36E-12,8.36E-12,2108,11,221
136,0.181,0.414,4.608255443,18,9.846817339,-1.677458607,-12.79069767,Conifères,0.7991566907,0.05466171157,8.36E-12,1980,11,212
169,0.249,0.763,0.6169149702,6.2,148.7797506,16.01377874,-15.38461538,Conifères,0.7345360953,0.0161808439,8.36E-12,2169,16,122
167,0.49,3.109,8.466382577,22.2,0,20.93694701,-14.81481481,Conifères,0.6931471808,8.36E-12,8.36E-12,2206,20,39
2,0.162,4.271,4.686347129,180,138.4971669,7.862981705,-15.58441558,Conifères,0.6929193457,8.36E-12,0.9582009783,2216,30,130
113,0.445,7.901,7.442419985,-33.2,0,-3.614005444,-10.52631579,Conifères,0.6931471808,8.36E-12,0.9999995152,1983,25,207
163,0.144,2.709,11.13329962,23.4,393.568976,15.23391813,-13.0952381,Conifères,0.6931471807,8.36E-12,8.36E-12,2266,22,262
111,0.398,29.643,6.649908536,116,0,-6.031280547,-9.708737864,Conifères,0.6931471808,8.36E-12,0.9999998579,1986,29,181
112,0.464,5.002,2.189031636,64.8,66.22261053,-2.769257734,-12.64367816,Conifères,0.6927611265,8.36E-12,0.9459321694,2103,26,165
39,0.213,1.617,3.922313225,-17,39.75475382,1.599136662,-12.94117647,Conifères,0.9654670973,0.234485639,0.7655154476,2143,23,162
187,0.064,3.615,4.750386446,15.6,112.3686723,10.44955285,-18.05555556,Conifères,0.6772060647,8.36E-12,0.6976777001,2358,26,123
188,0.044,-0.313,3.621495751,-38.4,273.5520882,10.34410554,-16.43835616,Conifères,0.6931471808,8.36E-12,1.000003753,2426,34,262
132,0.136,1.116,4.17637495,135.8,428.8452259,16.58514493,-19.6969697,Conifères,0.6931471808,8.36E-12,0.9999962722,2344,35,80
62,0.225,1.749,4.929677076,41.2,152.1203224,14.1865175,-19.6969697,Conifères,0.9621670794,0.2289790736,0.7710210852,2364,33,296
159,0.108,3.775,1.718741127,54.8,302.8847658,9.377407381,-16.43835616,Conifères,0.6931471808,8.36E-12,1.000000911,2370,29,175
89,0.203,9.561,4.073270817,110.2,0,21.40246845,-12.08791209,Conifères,0.6931471808,8.36E-12,1.000000719,1894,27,139
148,0.565,5.076,8.684033388,27,0,21.24562247,-12.08791209,Conifères,0.6931471807,8.36E-12,1.000020286,1837,24,108
134,0.106,0.157,4.405194282,105.2,0,17.74846996,-8.571428571,Conifères,0.6931471808,8.36E-12,0.9999982281,1836,32,192
151,0.311,8.831,6.662534121,75,0,-5.559269162,-8.181818182,Conifères,0.9008294464,0.1458059395,0.8541943865,1833,26,179
65,0.222,0.835,4.461004825,19,128.0343763,15.08394896,-16.90140845,Conifères,0.6931471808,8.36E-12,1.00000555,2300,31,286
66,0.394,1.942,7.606326833,14.6,444.9620134,12.91269841,-14.1025641,Conifères,0.6931471808,8.36E-12,1.000007966,2349,38,218
189,0.102,0.611,5.183407241,48.4,204.1612972,14.62308501,-20,Conifères,0.6931471808,8.36E-12,0.9999992143,2391,29,281
135,0.145,2.37,0.806624884,29.8,492.3929968,15.82120004,-19.6969697,Conifères,0.6931471808,8.36E-12,0.9999980525,2331,34,90
76,0.346,5.283,5.01913706,1.2,0,7.580855593,-17.33333333,Conifères,0.6931471808,8.36E-12,0.9999997158,2316,24,245
67,0.253,1.521,5.734265357,-2,2.356715032,17.42990654,-19.11764706,Conifères,0.6920657664,8.36E-12,0.9111362906,2166,22,144
69,0.097,-0.311,7.395782169,64.6,500.7004356,16.22050367,-16.90140845,Conifères,0.6931471808,8.36E-12,1.000000209,2332,36,224
72,0.202,0.375,0.4970557245,-1.8,775.5321494,13.48586438,-21.53846154,Conifères,0.6931471807,8.36E-12,0.9999833252,2386,30,284
88,0.289,4.897,4.263499278,74.8,0,18.83558767,-9.900990099,Conifères,0.9257686479,0.8240177978,0.1759800959,1826,32,151
87,0.479,5.065,6.550773978,49,0,-4.504728721,-14.81481481,Conifères,0.6930870896,8.36E-12,0.9783124364,2127,20,311
91,0.282,10.624,2.700663594,55,248.0741817,-3.783733655,-11.36363636,Conifères,0.6861142454,8.36E-12,0.7881723932,2060,19,199
118,0.098,3.445,2.219953134,78.8,40.74755141,-3.464046752,-12.94117647,Conifères,0.6931471808,8.36E-12,0.9999929035,2105,14,247
119,0.34,3.308,2.831586819,61.4,60.39560001,-3.811967378,-11.36363636,Conifères,0.6908949651,8.36E-12,0.8742564089,2100,20,298
68,0.144,0.797,2.021898948,-4.6,0,8.752196837,-15.58441558,Conifères,0.6931471808,8.36E-12,0.9999979689,2379,28,275
70,0.317,1.185,4.350926125,32.8,0,7.207076566,-17.10526316,Conifères,0.6931471807,8.36E-12,0.9999829326,2198,25,302
90,0.379,12.376,9.512326792,9.8,195.4464078,23.500101,-12.22222222,Conifères,0.6931471808,8.36E-12,0.9999933805,1862,32,64
80,0.09,0.976,4.786299601,-8,621.1725041,11.7305335,-16.66666667,Conifères,0.6931471808,8.36E-12,0.9999991558,2303,23,83
82,0.273,1.654,3.545184574,9,0,3.500761035,-13.92405063,Conifères,0.9967263129,0.2956787714,0.7043193731,2159,22,239
84,0.287,2.233,6.070985247,38.6,154.9920902,9.037656904,-15.58441558,Conifères,0.6811245032,8.36E-12,0.7319704446,2257,23,272
85,0.256,2.781,5.098803511,55.8,98.03135642,9.100425254,-15,Conifères,0.6931471808,8.36E-12,0.9999988465,2271,21,274
86,0.138,5.06,2.179727554,49.8,118.7633996,10.07660211,-14.63414634,Conifères,0.6931471808,8.36E-12,1.000004213,2306,21,287
154,0.212,5.166,2.963927986,10,0,-2.218430034,-13.75,Conifères,0.9152196934,0.8372912394,0.162715397,2184,10,241
155,0.158,1.353,4.555746576,23.4,0,3.961397059,-16.88311688,Conifères,0.6931471807,8.36E-12,1.000016266,2282,22,212
156,0.354,1.6,9.035146147,33.2,449.752444,10.37169291,-15,Conifères,0.6931471808,8.36E-12,1.000000284,2253,28,96
157,0.231,1.688,9.227206948,-17,121.5064181,9.822607498,-14.45783133,Conifères,0.6931471808,8.36E-12,1.000000777,2289,22,228
94,0.542,14.674,12.41318053,54.6,0,1.539862571,-15,Conifères,0.6931471808,8.36E-12,1.000000894,2198,24,263
95,0.342,19.611,9.420091178,38,193.1915324,0.6081139779,-13.41463415,Conifères,0.6931471808,8.36E-12,1.000000401,2233,18,265
183,0.445,10.758,9.657148424,19,0,0.1319145194,-13.41463415,Conifères,0.6931471808,8.36E-12,0.9999918008,2175,20,266
34,0.242,3.252,3.920868503,23.4,0,29.17133259,-18.84057971,Conifères,6.65E-10,8.36E-12,8.36E-12,2385,23,252
52,0.212,2.483,3.273362833,56.6,0,26.94798068,-18.57142857,Conifères,6.65E-10,8.36E-12,8.36E-12,2334,25,44
54,0.236,2.336,3.447832114,110.6,0,29.46048411,-21.21212121,Conifères,6.65E-10,8.36E-12,8.36E-12,2293,28,284
124,0.409,5.289,5.885114805,20.6,343.169169,17.46397695,-15.58441558,Conifères,6.65E-10,8.36E-12,8.36E-12,2308,25,295
170,0.401,3.345,4.619916606,20,0,26.7802385,-18.57142857,Conifères,6.65E-10,8.36E-12,8.36E-12,2292,21,85
143,0.123,1.769,2.441628545,-54,748.8748462,24.47002211,-13.0952381,Conifères,0.980481969,0.7384442174,0.2615478512,2012,32,117
73,0.242,2.105,5.659233742,3.2,350.7489304,6.588682264,-13.75,Conifères,0.6931471807,8.36E-12,1.000017828,2368,29,308
74,0.272,4.521,5.142689716,75,0,8.034773446,-16.43835616,Conifères,0.9731655361,0.2479184046,0.7520834091,2332,25,108
115,0.099,-0.051,1.634665831,-5.8,547.0513565,28.47937403,-17.39130435,Conifères,0.6931471808,8.36E-12,0.9999994735,2253,29,70
107,0.031,-0.536,1.051760082,-36.4,535.2209809,24.56220298,-13.0952381,Conifères,0.6931471808,8.36E-12,0.9999991893,2142,29,157
0,0.336,3.04,1.634633668,100,50.37628183,30.65209115,-10.52631579,Conifères,0.6931471808,8.36E-12,0.9999989887,2177,36,190
8,0.381,3.836,2.648213136,84,4.51315318,30.54427295,-10.52631579,Conifères,0.6931471808,8.36E-12,0.9999989887,2228,32,189
59,0.221,1.632,1.432470094,123,0,17.60703147,-20.3125,Conifères,0.6978650883,0.001720254124,0.882370993,2387,30,242
61,0.303,2.067,3.112057589,65,254.2238486,11.35289729,-14.1025641,Conifères,0.6931471808,8.36E-12,0.9999981027,2361,28,202
63,0.185,0.538,5.63859741,6,381.9013152,13.46620268,-16.66666667,Conifères,0.6931471808,8.36E-12,0.9999999833,2387,27,231
192,0.121,1.815,4.259010958,-19.4,176.2308839,9.672867223,-13.58024691,Conifères,0.6931471808,8.36E-12,1.000003193,2365,29,58
142,0.164,2.223,2.539723426,-56.8,0,23.94652225,-13.0952381,Conifères,0.9741761841,0.2497479011,0.7502506364,1983,22,132
41,0.151,4.36,7.915281366,43,417.8255824,26.84819479,-16.94915254,Conifères,0.9851466718,0.3142410471,0.4880671536,2317,36,163
180,0.311,6.706,7.724753053,96.8,670.4593785,12.94814815,-16.43835616,Conifères,0.9435141859,0.2002389831,0.7997437665,2256,25,256
42,0.219,6.623,0.8061816306,178.8,0,30.38053262,-15.625,Conifères,1.018174795,0.3542789335,0.6457204146,2211,30,74
194,0.267,1.701,6.334770178,14.8,0,24.18957879,-12.79069767,Conifères,1.038390563,0.5364599328,0.4635414796,1951,33,80
220,0.173,1.228,6.961376054,-2.4,0,23.71538205,-13.25301205,Conifères,0.6931471808,8.36E-12,1.000001705,2115,18,115
104,0.48,10.075,4.716481402,104.2,339.8652791,19.10292114,-16,Conifères,1.028183215,0.3930020637,0.6069982121,2149,25,234
196,0.12,7.971,4.010001578,7,616.7436156,27.76781597,-16.66666667,Conifères,0.6930727587,8.36E-12,0.9758940538,2267,27,209
222,0.318,7.276,2.339325153,59.2,44.26672206,25.41027402,-12.16216216,Conifères,0.6931471808,8.36E-12,1.000011107,2338,31,141
127,0.192,4.642,6.409958181,14.8,1333.358921,37.87247182,-17.39130435,Conifères,1.011543053,0.3337342282,0.666266432,2223,6,80
128,0.057,0.38,5.597798528,62.4,177.5936976,37.32516535,-16,Conifères,1.037214851,0.4499841148,0.5500147654,2100,13,129
210,0.39,4.768,9.363238126,0,850.0744645,37.79097262,-16.90140845,Conifères,0.6931471807,8.36E-12,0.9999791657,2229,8,158
218,0.086,0.74,1.309698446,-1,1616.70881,37.74203308,-19.40298507,Conifères,0.6813079435,0.7337427176,8.36E-12,2260,12,135
100,0.321,3.299,3.826574522,80.8,0,9.929078014,-11.9047619,Conifères,0.6931471808,8.36E-12,0.9999993732,2208,27,118
99,0.257,1.275,2.930227072,23,0,12.53056235,-18.57142857,Conifères,0.9565744835,0.2199578319,0.7800408227,2311,26,256
176,0.117,0.442,0.9339210708,7,49.2602716,11.68696554,-14.28571429,Conifères,0.9635324476,0.7687568252,0.2312401663,2215,16,85
686,0.191,7.774,6.571298206,10.6,98.79524762,32.9593196,-19.64285714,Conifères,0.6931471808,8.36E-12,0.9999997326,2319,38,84
381,0.06,0.754,1.644795819,-20.2,0,25.96291523,-23.33333333,Conifères,0.8359293433,8.36E-12,0.1162461467,2170,27,266
358,0.241,4.038,6.940768038,3.2,0,27.77777778,-15.38461538,Conifères,0.1351762724,8.36E-12,8.36E-12,2103,33,298
36,0.233,2.106,1.251367572,6,0,20.48368298,-17.39130435,Conifères,0.6931471807,8.36E-12,0.9999768341,2279,14,271
43,0.116,6.757,1.805253056,-15.2,0,28.92243043,-19.40298507,Conifères,0.5751491379,0.3550324525,8.36E-12,2289,31,234
45,0.188,3.399,4.868369302,34.2,0,27.66523652,-15.38461538,Conifères,0.01026129192,8.36E-12,8.36E-12,2263,33,271
139,0.067,2.268,2.196169602,64.8,187.7119813,29.1521284,-19.11764706,Conifères,0.35473906,0.1286319077,8.36E-12,2325,28,199
211,0.167,3.161,1.928560958,0,0,19.94970042,-17.39130435,Conifères,0.6931471808,8.36E-12,1.000000418,2278,6,109
212,0.312,2.379,0.8746074846,18,34.03033615,20.16884222,-20,Conifères,0.6931471808,8.36E-12,1.000004095,2322,16,261
213,0.113,2.241,5.001189407,-51,392.593353,19.53344161,-16.90140845,Conifères,0.6859556002,8.36E-12,0.7860557964,2360,26,181
214,0.141,1.101,5.401704337,110.4,196.8584752,28.16888606,-23.33333333,Conifères,0.6672622428,8.36E-12,0.630599487,2251,33,224
215,0.132,1.177,2.782324032,-0.2,335.342531,26.13830393,-16.43835616,Conifères,0.8228662567,0.07225689333,0.9277419785,2330,33,307
216,0.033,0.479,1.723808199,31.6,361.9529384,31.33076181,-23.33333333,Conifères,0.6931471028,8.36E-12,0.9992104265,2428,29,301
217,0.132,1.627,2.484712611,7.2,0,25.85851648,-18.57142857,Conifères,0.3251945391,8.36E-12,8.36E-12,2229,29,272
221,0.23,4.385,6.966844551,24,467.3391726,27.05882353,-22.58064516,Conifères,0.6886876389,8.36E-12,0.8275344095,2315,34,157
378,0.084,0.963,3.357932755,126.8,284.711818,31.26413551,-23.33333333,Conifères,0.6783271211,8.36E-12,0.7068684837,2361,34,240
379,0.189,5.269,2.955690575,12.4,0,28.70163934,-18.84057971,Conifères,0.8383201735,8.36E-12,0.325134537,2206,27,243
380,0.28,18.594,7.951542671,60,132.387665,28.36150845,-17.14285714,Conifères,0.6931254247,8.36E-12,0.9868937565,2295,28,64
172,0.097,1.701,1.203477058,14,0,18.39776932,-19.17808219,Conifères,1.029520361,8.36E-12,0.600653165,2280,19,101
200,0.128,4.048,2.368472044,68,0,20.17401014,-20.89552239,Conifères,0.998863951,8.36E-12,0.6993258702,2274,13,72
9,0.325,2.212,3.104218618,21.6,373.425573,14.92200221,-21.53846154,Conifères,6.64E-10,8.36E-12,8.36E-12,2172,26,81
10,0.152,1.679,1.042776245,1.6,193.3230011,13.68033711,-18.30985915,Conifères,0.0930805956,8.36E-12,0.01909436188,2198,23,122
38,0.369,6.661,7.876337058,42.8,751.3120648,23.59460408,-21.53846154,Conifères,0.6931471808,8.36E-12,8.36E-12,2327,21,295
141,0.107,2.977,3.877210738,-12.2,0,18.36033382,-17.56756757,Conifères,0.9321979152,8.36E-12,0.8155321858,2224,18,209
198,0.108,3.254,1.749163746,28,19.61165305,20.39002141,-19.11764706,Conifères,0.877673238,8.36E-12,0.8789285207,2302,13,224
202,0.558,9.769,11.63727475,94.4,449.5379222,10.68494806,-21.53846154,Conifères,0.6930566321,8.36E-12,8.36E-12,2291,31,271
203,0.16,1.589,6.182953577,-30.6,716.276885,20.68930868,-21.53846154,Conifères,0.6844312464,8.36E-12,8.36E-12,2342,26,292
205,0.018,-0.598,3.171733701,-42.8,672.7231089,18.10451651,-21.53846154,Conifères,1.014954825,8.36E-12,0.4202874338,2236,26,139
185,0.412,4.911,9.566503652,-13.8,0,-3.250773994,-13.58024691,Conifères,0.692080216,8.36E-12,0.9117054751,2197,22,279
98,0.064,-0.041,9.921423434,9,0,8.196404407,-9.278350515,Conifères,0.6931471808,8.36E-12,0.9999978021,1789,29,113
178,0.294,12.258,0.8200216779,284.4,142.9346937,23.2321864,-12.79069767,Feuillus,0.6931471808,8.36E-12,1.000001621,1718,39,158
174,0.068,0.802,0.6449468955,-44,389.4068389,11.81636112,-16.43835616,Feuillus,0.7219896806,0.01045637616,0.9033508892,2258,34,262
101,0.272,2.158,3.972579601,27.6,0,11.88568118,-8.411214953,Feuillus,0.7711982413,0.03633058991,0.9636629835,1718,35,145
687,0.174,2.16,3.41551278,2,45.45181675,-10.01650749,-13.25301205,Conifères,0.6931471808,8.36E-12,8.36E-12,2151,10,219
125,0.099,4.096,3.67701964,-96,411.9930219,25.70631322,-16.66666667,Conifères,6.65E-10,8.36E-12,8.36E-12,2343,29,260
164,0.07,1.121,3.855729309,-64.4,507.739553,28.51726045,-16.66666667,Conifères,6.65E-10,8.36E-12,8.36E-12,2294,28,268
120,0.21,13.697,5.967640702,102,94.07836274,6.697060211,-14.81481481,Conifères,0.6930929237,8.36E-12,0.9793809492,2019,35,102
78,0.127,1.092,5.855691649,15.4,0,9.836924869,-14.45783133,Conifères,0.6931471808,8.36E-12,0.9999997242,2277,20,250
79,0.044,1.208,3.727073276,7.2,344.3245603,10.56030721,-16.21621622,Conifères,0.6931471808,8.36E-12,1.000015463,2361,21,96
55,0.096,0.309,1.763556477,67,729.7335033,16.57245632,-20.3125,Conifères,0.6931471808,8.36E-12,1.000000435,2381,25,231
190,0.041,-0.371,1.792089212,36.4,490.4847852,14.25861952,-16.43835616,Conifères,0.6931471808,8.36E-12,1.000000627,2384,24,99
191,0.03,0.127,2.143293715,108.4,67.76464244,14.30753211,-16.43835616,Conifères,0.6931471808,8.36E-12,0.9999852221,2336,28,87
162,0.05,1.335,1.556868125,83.8,127.4611847,17.44162229,-16.90140845,Conifères,0.8052154364,8.36E-12,0.9360846415,2486,32,255
64,0.031,0.194,3.854694684,25.4,373.1745381,18.48110737,-21.875,Conifères,0.6833940874,8.36E-12,0.7552527489,2392,40,106
152,0.066,1.958,2.099413159,126.8,0,-0.1927339308,-11.70212766,Conifères,0.6931471808,8.36E-12,0.9999953193,1903,32,118
60,0.019,-0.433,3.477548056,-42,233.2333611,11.34423898,-14.1025641,Conifères,0.848491215,0.09355564562,0.9064432176,2423,34,95
144,0.175,3.577,2.550751574,4.8,814.3443711,24.53144266,-13.58024691,Conifères,0.6931471808,8.36E-12,1.000000802,2012,32,80
92,0.448,9.678,9.899966637,67,24.37810706,10.59032176,-13.58024691,Conifères,0.6942660886,0.0002396967627,0.9997568096,2183,22,281
181,0.197,4.797,4.850498199,37,322.0263647,11.11681204,-13.58024691,Conifères,1.015363767,0.3452152283,0.6547740988,2321,27,256
182,0.22,11.143,5.493080693,46.4,0,0.00896458987,-13.0952381,Conifères,0.6931471808,8.36E-12,0.9999999499,2179,22,47
147,0.117,2.169,7.944811548,-52.4,879.6068734,23.83940621,-12.5,Conifères,0.6931471808,8.36E-12,1.000011475,2072,34,63
5,0.015,-0.565,1.311809111,-212,0,4.503801911,-13.92405063,Conifères,0.6931471808,8.36E-12,1.000000142,2116,31,161
71,0.08,-0.266,3.354478501,32.4,729.129405,14.65732192,-19.6969697,Conifères,0.6915804821,8.36E-12,0.8940073063,2397,30,255
75,0.12,0.473,1.576257544,-49,28.65796439,6.564707987,-16.43835616,Conifères,0.6931471808,8.36E-12,1.000000033,2426,27,248
126,0.041,1.018,3.08714272,114.6,454.7415658,11.40657304,-19.6969697,Conifères,0.6931471808,8.36E-12,0.9999992394,2399,37,91
133,0.053,0.316,3.288374191,-37.2,76.9718259,10.36857917,-19.6969697,Conifères,0.6931471807,8.36E-12,0.9999801495,2411,32,79
177,0.266,5.918,7.184304702,51.2,405.2212678,25.14381147,-16,Conifères,1.014518818,0.6574023959,0.3425973868,2189,28,161
103,0.347,4.815,4.995096276,0.2,302.2269696,19.42840306,-16.21621622,Conifères,1.037091664,0.5512303737,0.4487698687,2074,31,138
105,0.041,-0.525,4.91332764,9.4,427.5554768,30.82304334,-13.41463415,Conifères,0.8114815698,0.06356608564,0.9364385945,2115,29,85
153,0.527,24.11,8.251222177,162.8,3.237024509,30.74582924,-12.79069767,Conifères,1.039102214,0.4751315205,0.5248694156,1956,30,244
40,0.047,1.04,1.649469522,50,0,12.09770589,-13.92405063,Conifères,1.013952746,0.3408704184,0.6591295566,2336,23,177
173,0.093,-0.232,2.58309304,-23.4,297.9424152,12.12929024,-13.92405063,Conifères,1.032194348,0.5865385805,0.4134626981,2324,25,211
129,0.026,0.037,1.98059456,34.8,191.5663215,20.935735,-17.14285714,Conifères,1.039713848,0.5026514165,0.4973491935,2198,12,156
175,0.019,-0.573,2.72827988,23,334.408203,11.75825181,-11.76470588,Conifères,0.6930518526,8.36E-12,0.9727608651,2249,32,293
96,0.15,0.303,1.095172706,10,5.337229794,11.82441701,-11.76470588,Conifères,0.8004629692,0.05558116166,0.9444212201,2294,34,300
223,0.112,2.386,2.642258009,-10.6,173.8614754,27.96328322,-13.63636364,Conifères,0.6888694434,8.36E-12,0.8307812505,2241,33,148
97,0.241,11.724,3.221961934,37.4,0,11.45624291,-14.28571429,Conifères,0.6915731595,8.36E-12,0.8937731572,2278,27,107
224,0.074,1.477,1.599967496,22.4,636.9087727,32.22255429,-20,Conifères,0.683207097,8.36E-12,0.7532126118,2195,28,117
201,0.089,1.114,1.686841741,11,110.4836075,18.15536646,-17.56756757,Conifères,0.9554033215,8.36E-12,0.7818849325,2253,17,196
140,0.379,9.839,3.979048328,31,0,20.46285582,-20.89552239,Conifères,0.8532874265,8.36E-12,0.9021723686,2307,13,255
208,0.063,0.491,0.5616477296,7,0,23.17485061,-20.28985507,Conifères,1.034883709,0.5694364082,8.36E-12,2204,12,143
209,0.076,0.255,2.62454159,7,0,19.9488491,-16,Conifères,0.975900757,0.2238993044,0.005704142786,2156,12,158
206,0.125,1.477,2.209503087,50.4,369.9783901,22.64792677,-21.53846154,Conifères,1.101815539,0.03378042793,0.4876421723,2216,24,196
204,0.064,-0.247,5.3723154,7,86.78170115,14.4462849,-18.30985915,Conifères,0.6828914297,8.36E-12,0.7498225757,2313,23,156
207,0.097,1.462,2.728684826,4,0,23.29923274,-20.28985507,Conifères,1.022969678,0.6286946913,8.36E-12,2263,10,164
4,0.137,6.889,6.065372524,29.6,440.1256172,10.40677762,-21.53846154,Conifères,0.539720795,8.36E-12,8.36E-12,2216,28,90
44,0.12,3.621,2.707231242,1,0,22.76926421,-19.11764706,Conifères,0.9809490958,0.2624498616,8.36E-12,2249,9,132
700,0.039,0.64,2.965240547,9,351.057707,4.944163406,-14.81481481,Conifères,0.6931471808,8.36E-12,8.36E-12,2078,22,216
130,0.021,-0.201,1.038740913,-131.2,139.0587268,12.23389356,-19.6969697,Mixte,0.6923295478,8.36E-12,0.9222767583,2354,37,153
160,0.15,1.018,1.962972986,141.6,842.3962756,14.08038034,-20,Mixte,0.8452757346,0.09074450759,0.9092530099,2365,35,79
165,0.02,-0.031,2.532562401,0,0,22.9548326,-13.41463415,Mixte,0.4004310869,8.36E-12,8.36E-12,2268,20,56
705,0.05,0.392,2.225449638,-28.6,260.1661831,4.456157163,-14.81481481,Mixte,0.6922798499,8.36E-12,8.36E-12,2077,26,236